SampleId,Threshold,PredictionProbabilityMean,PredictionProbabilityMax,GroundTruthPixels,PredictedPixels,TruePositivePixels,FalsePositivePixels,FalseNegativePixels,TrueNegativePixels,Dice,IoU,Precision,Recall
6903afdc-167b-4fdb-8f51-6f1d58111946,0.6,0.023218367248773575,0.9994309544563293,756,905,727,178,29,39066,0.8753762794248187,0.7783725912437124,0.8033149173444034,0.9616402116909522
365a3850-e629-476a-83cf-dc4ef3355295,0.6,0.008593210950493813,0.9943916201591492,96,312,58,254,38,39650,0.2843137272443291,0.16571428809795918,0.18589743850673898,0.6041666707899305
1545c4a6-add6-4acb-9a74-4de5a97e8843,0.6,0.012658585794270039,0.9993436932563782,560,487,251,236,309,39204,0.4794651389880944,0.31532663402597155,0.5154004116726891,0.4482142866996173
e00a0f4f-f778-43a7-bb30-0fb8c1ed99d1,0.6,0.011958559043705463,0.999237060546875,731,466,465,1,266,39268,0.7769423560760714,0.6352459021376422,0.9978540772578238,0.6361149115785022
1b6aba7b-2f80-41ec-b6b3-f07739b609a1,0.6,0.015344364568591118,0.9998112320899963,531,596,415,181,116,39288,0.7364685006774901,0.5828651691251894,0.6963087253417639,0.7815442565319317
04547b46-ef41-4254-b553-a11f16acbd40,0.6,0.02645815722644329,0.9980072379112244,997,1041,763,278,234,38725,0.7487733072871574,0.5984313728639753,0.7329490876724791,0.7652958878983993
b9df4252-d935-4884-a61e-84e58a75769b,0.6,0.025775322690606117,0.9998914003372192,2622,1004,913,91,1709,37287,0.5035852180078364,0.3365278292161711,0.9093625498910731,0.34820747545834957
a833f58b-77e2-4984-9119-f3437717bb17,0.6,0.015086433850228786,0.996707558631897,428,574,361,213,67,39359,0.7205588825144122,0.5631825279825545,0.6289198612736587,0.8434579442909861
28b6bb2b-3fae-422d-bbfa-856ec84d7804,0.6,0.026149209588766098,0.9988705515861511,789,989,645,344,144,38867,0.7255343083658412,0.569285084228345,0.6521739133951729,0.8174904945278955
b79fa8ed-1650-487b-91f2-ea5cfe04cadc,0.6,0.02359938994050026,0.9997052550315857,254,930,254,676,0,39070,0.4290540545362719,0.2731182803514857,0.2731182803514857,1.0
d2547ba7-fc8c-4e48-8481-352a3a4d4b21,0.6,0.027265362441539764,0.9966533780097961,624,1043,498,545,126,38831,0.5974805041406835,0.42600513308297244,0.47746884038593584,0.7980769234005177
c8bdeb22-a3ba-4788-81cc-093056de4a8e,0.6,0.036359287798404694,0.9989995360374451,1623,1417,1370,47,253,38330,0.9013157895061461,0.8203592815446951,0.9668313338272185,0.8441158349697376
b29e84a0-c8ab-4251-8124-54afcb4ceb9c,0.6,0.022671306505799294,0.9998993873596191,1150,880,757,123,393,38727,0.7458128080069888,0.5946582878282338,0.8602272728861053,0.6582608698623817
5da1b659-166e-4285-843d-f71c29baa660,0.6,0.026055380702018738,0.997944176197052,636,988,619,369,17,38995,0.7623152710823182,0.615920398392119,0.6265182190014997,0.9732704402935999
0eb3d9ee-d7ac-4344-8748-119817f51be3,0.6,0.021282562986016273,0.9994687438011169,413,831,412,419,1,39168,0.6623794214932641,0.4951923082990477,0.49578820758629577,0.9975786924998095
e2a81b7c-3fcf-4a28-afc6-6929aa7d6c7e,0.6,0.032082829624414444,0.999935507774353,1319,1255,924,331,395,38350,0.7179487180582951,0.5600000002666666,0.7362549802898366,0.7005307053066484
289dbcc3-8a1b-46fd-afd8-ed61454f54b5,0.6,0.07121790200471878,0.9996181726455688,1206,2774,1205,1569,1,37225,0.6055276382900684,0.4342342344381139,0.43439077165306755,0.9991708126043359
0330995a-5e30-4cb2-8ed7-f74c1e272b98,0.6,0.03636862337589264,0.9986684322357178,1101,1407,803,604,298,38295,0.6403508773363833,0.4709677422457667,0.5707178396796604,0.7293369666400208
bfe23d76-85f1-4a6a-bfe6-5483a3869049,0.6,0.02336689829826355,0.9998416900634766,1375,910,852,58,523,38567,0.745733041686769,0.5945568739744892,0.9362637363337761,0.6196363639129917
dd4a4e28-9a9f-41a8-84e4-d20673ca31cd,0.6,0.06919065862894058,0.9994895458221436,2281,2734,1956,778,325,36941,0.7800598205822412,0.6394246486958404,0.7154352597968416,0.8575186322413334
67756e67-f943-4f44-a748-c0ac2d86403e,0.6,0.04448937997221947,0.999703586101532,3059,1748,1559,189,1500,36752,0.6486374038592391,0.4799876848891664,0.8918764302678053,0.5096436745636994
789c743e-c04a-4aad-b156-67f965c09105,0.6,0.02947397530078888,0.9999183416366577,967,1152,950,202,17,38831,0.896649362955805,0.812660393658973,0.8246527779299888,0.9824198552405172
7f4bf604-90fe-431f-8812-9496e3ef716a,0.6,0.015644829720258713,0.9970421195030212,625,618,264,354,361,39021,0.42477876152471533,0.26966292209431775,0.42718446694630346,0.42240000092415997
d29a55fc-23bc-4927-a41e-11365cf2b68a,0.6,0.0002279345935676247,0.010668192058801651,368,0,0,0,368,39632,2.7173912969636105e-09,2.7173912969636105e-09,1.0,2.7173912969636105e-09
c18da7a8-eed2-49db-b6d8-9d0bcb91013b,0.6,0.0003274457121733576,0.0998845100402832,1162,0,0,0,1162,38838,8.605851971939885e-10,8.605851971939885e-10,1.0,8.605851971939885e-10
3986fd15-5303-4fa6-930b-7f2c8e31daea,0.6,0.0473383367061615,0.9998238682746887,1581,1844,1320,524,261,37895,0.7708029197749481,0.6270783849752598,0.7158351411519333,0.8349146111101109
0d14e6dc-959f-4e96-a8d3-d6bc372f1817,0.6,0.04219295084476471,0.9994341731071472,3536,1631,1524,107,2012,36357,0.5898974260518874,0.4183365359817907,0.9343960760672004,0.4309954752740398
f11d2aa3-9384-404c-90e9-c3729fc9ad73,0.6,0.01852450519800186,0.9997327923774719,714,727,400,327,314,38959,0.5551700211275711,0.3842459179786302,0.5502063279914631,0.560224090251787
9d985b1c-5fdf-46f8-98a9-909c92ba0bc8,0.6,0.014837659895420074,0.9979166388511658,650,574,455,119,195,39231,0.7434640524971698,0.5916775037819538,0.7926829271904479,0.7000000004615384
73841ef8-5218-4d03-a2dd-72c84ac34fb4,0.6,6.65385159663856e-05,0.0023709440138190985,417,0,0,0,417,39583,2.398081529021387e-09,2.398081529021387e-09,1.0,2.398081529021387e-09
1aa936e5-83f9-4e0c-88f7-af7d9a50e57e,0.6,0.051469288766384125,0.9998526573181152,452,1994,443,1551,9,37997,0.36222403950849386,0.22116824801738977,0.22216649988858247,0.9800884956192732
ad08f042-2a02-4b28-bc46-4d116b66632a,0.6,0.02415267564356327,0.9987195730209351,1638,943,685,258,953,38104,0.5308020149047649,0.3612869201680976,0.7264050904279904,0.41819291854811175
43187285-c9a9-4b94-9e16-c035ddddc1b4,0.6,0.01050945371389389,0.9986587762832642,1256,415,286,129,970,38615,0.34230999440915016,0.20649819551877385,0.6891566272550442,0.22770700698430968
5f129616-2b9b-4461-bbe7-ec1442caa9a3,0.6,0.02201188914477825,0.9997056126594543,784,851,670,181,114,39035,0.8195718655537787,0.6943005184515021,0.787309048428544,0.8545918369201635
036334fd-fb89-46cd-958c-ff1bfcfa18db,0.6,0.016171840950846672,0.9996776580810547,6332,624,595,29,5737,33639,0.1710753307689656,0.09353875191109279,0.9535256411001192,0.09396715112224144
c6972a91-b63f-4f25-953c-3b2e6b1cab81,0.6,0.011860298924148083,0.9997921586036682,790,463,448,15,342,39195,0.7150837991100687,0.5565217396813394,0.9676025918626294,0.5670886081429258
7904e47a-1d48-414c-baf5-c629aed0c7fd,0.6,0.0920906588435173,0.9956513047218323,2193,3626,1832,1794,361,36013,0.6296614539216941,0.4594933535341126,0.5052399339478103,0.8353853169925285
dd3821a2-7d87-47af-9008-6dbb831895d8,0.6,0.04030346870422363,0.9991067051887512,1213,1587,1207,380,6,38407,0.8621428571920918,0.757689893435223,0.760554505506897,0.9950535861541191
d6d3664a-bc38-4253-8938-faebf198da11,0.6,0.021148109808564186,0.9998072981834412,676,825,589,236,87,39088,0.7848101267256429,0.645833333721674,0.7139393942861341,0.871301775338311
db77c88b-cfdb-4590-a51d-4d25cddb9773,0.6,0.0536649152636528,0.9974859952926636,1899,2070,1565,505,334,37596,0.7886117410459532,0.6509983362516647,0.756038647460851,0.8241179569119969
fdf389e8-75ea-44bf-9a3f-e0453560c284,0.6,0.016785981133580208,0.9991248250007629,761,654,375,279,386,38960,0.5300353360211764,0.3605769236917529,0.573394496065146,0.4927726682092343
aa7e73c6-1d52-434c-aa4f-e72899242f6a,0.6,0.03645855188369751,0.9985710382461548,1939,1402,574,828,1365,37233,0.3436096978917661,0.2074448864447254,0.40941512167659405,0.29602888122948484
dc8cc16a-f9b2-4e11-8167-119d6ebb0971,0.6,0.028023555874824524,0.9998878240585327,748,1082,593,489,155,38763,0.648087431886291,0.4793856107684837,0.5480591501404258,0.7927807489401327
5d840532-9a7d-48ed-a05e-941d32529a0c,0.6,0.02851042151451111,0.9980311989784241,1013,1117,778,339,235,38648,0.7305164320514008,0.5754437872962693,0.6965085051956056,0.7680157948983062
d42ee5e3-0a1e-472b-8871-256d7317e871,0.6,0.014926878735423088,0.9970273375511169,639,563,511,52,128,39309,0.8502495841512065,0.7395079598559943,0.9076376555814607,0.7996870112680955
7e57b19b-c673-4bc7-8f37-b9c5fc9a2383,0.6,0.03598072752356529,0.9986988306045532,795,1409,767,642,28,38563,0.6960072596660585,0.5337508701922401,0.5443577008201861,0.9647798742581385
a0e902b0-d7a9-4da1-9f4e-716fae143f97,0.6,0.04006355628371239,0.9998239874839783,1967,1538,1465,73,502,37960,0.8359486448399576,0.7181372550401288,0.9525357607590795,0.7447890189401174
148b9f2d-ef1d-427a-b677-8ce3d1499c41,0.6,0.027047207579016685,0.9991806149482727,1650,1053,973,80,677,38270,0.7199408066148943,0.5624277459176718,0.9240265907654067,0.5896969699456381
df42990b-b232-4980-a0b9-d52f7531f71b,0.6,0.027005227282643318,0.9988706707954407,1092,1050,869,181,223,38727,0.8113912232439818,0.682639434656214,0.8276190477832198,0.7957875459745535
d9d8cba5-2f88-4cda-9d14-f10e85272790,0.6,0.0057476782239973545,0.9197673797607422,2115,98,3,95,2112,37790,0.0027112521451824437,0.001357466515222866,0.030612254789670872,0.0014184401884546384
47d0fd41-6c26-4300-94b0-65d023a45906,0.6,0.013282322324812412,0.9983025789260864,626,402,379,23,247,39351,0.7373540858586048,0.5839753473282352,0.9427860697940645,0.6054313105344548
26645bca-3668-497b-9876-46e4f897b5c4,0.6,0.05672978609800339,0.9993851184844971,2255,2149,1886,263,369,37482,0.8564940963086979,0.7490071486302593,0.8776174965669533,0.8363636364362025
d4ff232c-e8ad-4412-8960-669058b29de6,0.6,0.00018212002760265023,0.014948797412216663,794,0,0,0,794,39206,1.2594458422425116e-09,1.2594458422425116e-09,1.0,1.2594458422425116e-09
fcd11726-e825-4892-b5e0-1fb4775c678e,0.6,0.033410005271434784,0.9996926784515381,1744,1309,1195,114,549,38142,0.7828365542801059,0.643164693410568,0.912910618859503,0.6852064221988495
cf8a8001-8ea0-4173-b102-1ca7d47b0be2,0.6,0.01113146636635065,0.9997804760932922,312,425,269,156,43,39532,0.7299864318453373,0.574786325694901,0.632941177334256,0.8621794876212195
caaf5de3-2b32-473c-933a-99489ac18868,0.6,0.023278379812836647,0.999589741230011,3619,909,563,346,3056,36035,0.24867491182670606,0.14199243401210784,0.619361936612363,0.15556783665223325
99c08108-c9da-4030-b13e-8603b87f0d17,0.6,0.009500930085778236,0.9889772534370422,700,373,229,144,471,39156,0.4268406342713507,0.2713270150813661,0.6139410198017667,0.3271428581040816
67111963-a634-45ea-a578-6e208c3c0c36,0.6,0.025475038215517998,0.9998579025268555,736,972,726,246,10,39018,0.8501170961064888,0.7393075359070188,0.7469135805072905,0.9864130434967214
29961180-d866-4137-a6d1-58f47899c51d,0.6,0.019187910482287407,0.9997618794441223,788,747,495,252,293,38960,0.6449511402964487,0.47596153896542154,0.6626506028612442,0.6281725893043495
2ef0c9fc-810a-4d52-8c15-9c7f5ffb1bdf,0.6,0.007496905513107777,0.9685672521591187,1742,253,253,0,1489,38258,0.25363408558715084,0.14523536214395213,1.0,0.14523536214395213
b21a5ef2-0a2c-4a48-b868-6c196d1d2a8c,0.6,0.057594433426856995,0.9994955062866211,3280,2244,1626,618,1654,36102,0.5887038378731527,0.41713699347944155,0.7245989306040113,0.4957317074708136
ca3c8d26-a58e-444e-9c6b-a9cd2ae046f6,0.6,0.024721533060073853,0.9996753931045532,2181,951,785,166,1396,37653,0.5012771393674084,0.3344695358608992,0.82544689818565,0.35992663944982733
ce1a686a-5f45-43a4-aaf2-313f4d20e62d,0.6,0.020540760830044746,0.9995716214179993,1722,800,770,30,952,38248,0.6106264870695376,0.43949771721489855,0.962500000046875,0.4471544718657639
bfc49330-55c6-42f4-b934-7b9819770a57,0.6,0.014070339500904083,0.999680757522583,214,516,214,302,0,39484,0.5863013704297242,0.41472868330478935,0.41472868330478935,1.0
9bd526b0-147a-462c-a2c3-38a9d9349e09,0.6,0.014271114021539688,0.9958853125572205,1351,550,449,101,902,38548,0.47238295661631613,0.3092286506134789,0.8163636366975207,0.33234641056080944
6f57b1e6-7810-4f37-826d-3f56f02b57fa,0.6,0.0981726422905922,0.9992491602897644,3307,3899,2868,1031,439,35662,0.7960033305861778,0.6611341632869676,0.7355732239713841,0.8672512851928481
5072a283-d937-4c96-abe5-716ce6697e66,0.6,0.021904869005084038,0.9993194341659546,633,841,584,257,49,39110,0.7924016283633639,0.6561797756672137,0.6944114153455274,0.9225908374050698
dc313ce5-f49b-4873-9849-1ad933cf4abc,0.6,0.06855782121419907,0.9975922107696533,2030,2712,1890,822,140,37148,0.7971320118521441,0.6626928472430952,0.6969026549790183,0.9310344827925938
02d4206c-bc5d-4433-9787-a07826618f60,0.6,0.008770971558988094,0.994988203048706,814,335,10,325,804,38861,0.0174064412381145,0.0087796321257422,0.029850749164624626,0.012285013498421359
032ebec4-17a8-4e1c-8f11-668230e37f2f,0.6,0.0505317784845829,0.9992838501930237,3994,1965,1914,51,2080,35955,0.6423896627550948,0.4731767615641096,0.9740458015399258,0.4792188283727545
420ffaa6-f10a-4c3c-bd01-c4be833809a0,0.6,0.00026371583226136863,0.0272592194378376,631,0,0,0,631,39369,1.5847860513711789e-09,1.5847860513711789e-09,1.0,1.5847860513711789e-09
580301a3-124a-4f15-b327-7bf8569e2822,0.6,0.034574415534734726,0.9995160102844238,523,1347,516,831,7,38646,0.5518716579936516,0.3810930580641853,0.3830734971172431,0.9866156788018821
2815a1b7-4270-42a4-b6e7-aafd226a961c,0.6,0.03302828222513199,0.9998477697372437,414,1267,414,853,0,38733,0.49256395033160977,0.3267561173427339,0.3267561173427339,1.0
3fc01869-c90b-4553-8082-b6eca89fec3b,0.6,0.053042516112327576,0.9995284080505371,1650,2077,1365,712,285,37638,0.7324926214830983,0.5779000848527096,0.657197881724989,0.8272727273774105
65248c61-8d49-4610-b8ad-fdebbe183408,0.6,0.004563021473586559,0.9207801222801208,770,122,103,19,667,39211,0.2309417048980474,0.13054499476483525,0.8442622963585058,0.13376623489121267
ad626462-d996-4c74-acbc-164e7553186e,0.6,0.02722468599677086,0.9999592304229736,690,1059,638,421,52,38889,0.7295597485822987,0.5742574261257808,0.6024551467398912,0.924637681268641
96a65c0d-3fae-4cfd-850d-54351a76530c,0.6,0.014927247539162636,0.9959702491760254,808,569,519,50,289,39142,0.7538126363443627,0.6048951053556001,0.9121265379400236,0.6423267331159322
ad2b36ff-b85d-414c-81d5-3437c58ebc70,0.6,0.02214355394244194,0.9997941851615906,1653,866,788,78,865,38269,0.6256450974094304,0.4552281921113644,0.909930716039341,0.47670901423066603
72b134a1-71d8-408d-98f1-e763723df4aa,0.6,0.0294051393866539,0.9993171691894531,569,1150,555,595,14,38836,0.6457242584957974,0.47680412416082113,0.48260869610207935,0.9753954306232067
6ce777fe-4f0b-41f5-b922-ccb275a61333,0.6,0.054517101496458054,0.9993621706962585,1859,2124,1732,392,127,37749,0.869696208920488,0.769435806410735,0.8154425612921646,0.9316837009512191
8d770278-dbcf-44e8-a92c-3ac5ee189c9e,0.6,0.025582127273082733,0.9994298815727234,610,1000,596,404,14,38986,0.7403726709687126,0.5877712035623558,0.596000000404,0.9770491803654932
0b1b0d38-b168-42f1-812a-ef465f43030b,0.6,0.00228012609295547,0.84981369972229,243,39,39,0,204,39757,0.27659574724611435,0.16049383061525171,1.0,0.16049383061525171
2dddfdc7-83af-41cd-a137-105966e21537,0.6,0.035816073417663574,0.9984874725341797,1096,1360,1020,340,76,38564,0.8306188925771096,0.7103064068869732,0.7500000001838235,0.9306569343698384
1c24921c-5f89-4fa6-8f96-79bd4ecdbb15,0.6,0.037865594029426575,0.9997013211250305,2200,1486,1401,85,799,37715,0.7601736300162307,0.613129103013948,0.9427994616804849,0.6368181819832646
2b3a0fec-9ffc-4bc7-b4e6-67d11328f5d2,0.6,0.019682765007019043,0.9955191612243652,1498,726,424,302,1074,38200,0.3812949643069717,0.2355555559802469,0.5840220391404655,0.2830440592236021
bf5cba61-7eac-4888-86d6-df8b40afd666,0.6,0.025984574109315872,0.9997605681419373,770,1012,742,270,28,38960,0.8327721661993422,0.7134615387370561,0.7332015812913028,0.9636363636835892
1836771a-8794-4b3a-8b21-701a19d5416a,0.6,0.03047952614724636,0.9999076128005981,461,1173,461,712,0,38827,0.5642594861907836,0.39300937818157766,0.39300937818157766,1.0
e6365c1a-7342-4446-8316-abf37581f40e,0.6,0.039347149431705475,0.9996009469032288,2025,1524,1340,184,685,37791,0.7551422936728255,0.606609325664731,0.8792650919427395,0.6617283952287761
4b9a458e-0923-4094-b663-a8c436a53198,0.6,0.035325050354003906,0.9986138343811035,586,1314,584,730,2,38684,0.6147368423080333,0.44376899738315423,0.4444444448672416,0.9965870307225477
aea9f697-e9d5-49e1-9de5-c9c668199182,0.6,0.04086018353700638,0.9995531439781189,742,1621,672,949,70,38309,0.568768514782578,0.3973979897117694,0.4145589146116231,0.9056603774856329
42372859-1a0f-4325-9e91-1706b9948426,0.6,0.04584081843495369,0.999893307685852,2774,1789,1743,46,1031,37180,0.7639710717151059,0.6180851065184096,0.9742873113614939,0.6283345351015377
2153dee3-ba83-4dc8-bfd4-39a425b62045,0.6,0.10031495243310928,0.99836665391922,2783,3972,2763,1209,20,36008,0.818060695807837,0.6921342686141948,0.6956193354240636,0.9928135106026541
b01e6bbb-4725-42a8-93ff-97df25dae62e,0.6,0.04872123897075653,0.9988781809806824,4887,1913,1561,352,3326,34761,0.459117647138365,0.29795762563505296,0.8159958181829609,0.31941886651945595
82ad7715-a3cc-451b-85d3-4655b08d77fb,0.6,0.00042539247078821063,0.04116424545645714,583,0,0,0,583,39417,1.7152658632671254e-09,1.7152658632671254e-09,1.0,1.7152658632671254e-09
cb8f6809-ceb4-425c-bd71-486b776c537c,0.6,0.0655561238527298,0.9976913928985596,2334,2602,2046,556,288,37110,0.8290113452534417,0.707958477609703,0.7863182168384635,0.8766066838574951
a06e098d-64b2-4156-99c0-f5c133e6beae,0.6,0.02342972904443741,0.9986120462417603,1608,913,787,126,821,38266,0.6243554146670547,0.4538638988155341,0.8619934284096458,0.48942786101403735
920a430d-403c-47ca-ac3e-e040c0f48d2d,0.6,0.01846114732325077,0.9993634819984436,446,704,399,305,47,39249,0.6939130437444234,0.5312916118091989,0.5667613642517594,0.8946188343169982
7828cf50-89d7-4cd9-8337-528a2ff2ab0d,0.6,0.024536918848752975,0.9982996582984924,1355,950,869,81,486,38564,0.7540130152911008,0.6051532036175813,0.9147368421950138,0.6413284135488351
29623ab2-5f05-416c-bfea-abe2760de6bd,0.6,0.03645136207342148,0.9991698265075684,1152,1320,1110,210,42,38638,0.8980582524684231,0.8149779737041278,0.8409090910296143,0.9635416666983145
c27f364f-ae5b-4fba-a1cf-1f1fd4790749,0.6,0.06180442497134209,0.999416708946228,2073,2430,1865,565,208,37362,0.8283366644840469,0.7069749811573257,0.7674897120298397,0.8996623251810603
35670bf7-d446-437b-9d00-ff45db092de8,0.6,0.05590905621647835,0.9978487491607666,2822,2162,1942,220,880,36958,0.7792937400121801,0.6383957923608167,0.8982423682246798,0.6881644225059659
6f3f6855-40a2-4dc2-86bc-e5db4b5aff61,0.6,0.0007370365201495588,0.03791806101799011,168,0,0,0,168,39832,5.9523809169501136e-09,5.9523809169501136e-09,1.0,5.9523809169501136e-09
e28b22f1-c3cb-4092-98e9-ceb0e09166fc,0.6,0.03567204251885414,0.9976361989974976,101,1348,0,1348,101,38551,6.901311244374526e-10,6.901311244374526e-10,7.418397620609496e-10,9.900990000980297e-09
4767793d-0d89-4bc4-905b-bbc2ba8d954d,0.6,0.019131364300847054,0.9993253946304321,655,717,528,189,127,39156,0.7696793004594175,0.6255924175052222,0.736401674007808,0.8061068705250277
050ecd6f-0df9-419d-84e0-fae2168ce29c,0.6,0.031874243170022964,0.9994213581085205,743,1240,719,521,24,38736,0.725163893229872,0.5688291142651668,0.5798387100162591,0.9676985195589521
b54c0659-d3de-432b-a532-1354f9ff40ee,0.6,0.010698270052671432,0.9996267557144165,5123,375,327,48,4796,34829,0.11895234646799702,0.06323728503901811,0.8720000003413333,0.06382978741678122
266cfe90-2327-4479-9938-8c0e13b962c9,0.6,0.01866142638027668,0.998690664768219,1150,728,632,96,518,38754,0.6730564431985855,0.507223114360174,0.8681318683130057,0.5495652177829867
82c2002e-af10-4969-8e2b-50df13c53ce9,0.6,0.03218276426196098,0.9950077533721924,2014,1241,960,281,1054,37705,0.5898617512780763,0.418300653848235,0.7735697020358019,0.4766633567643181
57be1acf-b916-4751-b3e0-5b2fd0b54662,0.6,0.0401720255613327,0.9997702240943909,1917,1576,1525,51,392,38032,0.873174921307422,0.7748983740981208,0.9676395939291627,0.7955138237895076
d2bf5d9a-83ab-447a-9567-fc94ff66e43e,0.6,0.039739470928907394,0.9990606904029846,659,1544,246,1298,413,38043,0.22333182059767054,0.1257026064763911,0.15932642541494402,0.37329286893278774
3175f19d-8d38-44d2-9db5-1787870e2a6e,0.6,0.03883618116378784,0.9978494644165039,886,1509,881,628,5,38486,0.7356993738055536,0.5819022459828914,0.5838303515017691,0.9943566591485816
8ddceb62-a5a1-42cd-be98-bfe89ddb20ca,0.6,0.01807652972638607,0.9999260902404785,910,704,376,328,534,38762,0.4659231725737774,0.30371567099861413,0.5340909097527118,0.41318681383166284
c001fa14-dc05-4e0d-a0ea-012f2cef82b7,0.6,0.029641253873705864,0.9998500347137451,1546,1148,871,277,675,38177,0.6466221233679948,0.477783873023706,0.7587108016039104,0.5633893922617145
2c7e0548-22b5-4f61-acec-aeb743d51935,0.6,0.009924734011292458,0.984747588634491,6116,361,360,1,5756,33883,0.1111625754035568,0.05885237877082681,0.9972299169051803,0.058862001461925766
c6e9002c-e1f9-42f2-8da1-2337e7edbfb2,0.6,0.06928054988384247,0.9981239438056946,1438,2717,1405,1312,33,37250,0.6762936222199052,0.5109090910869422,0.5171144646606131,0.977051460377572
843eeca9-31f4-4b61-a4e4-a782bc3fdfb0,0.6,0.0002402724785497412,0.013164867646992207,159,0,0,0,159,39841,6.2893081365452314e-09,6.2893081365452314e-09,1.0,6.2893081365452314e-09
3256f9ab-63c0-44e2-b91f-39c89b5b5f0c,0.6,0.07128258794546127,0.9905943870544434,3470,2760,2555,205,915,36325,0.82022471912998,0.6952380953210237,0.9257246377080708,0.7363112392690746
5e1de89d-818f-474a-a729-e2d956da10de,0.6,0.012758885510265827,0.9946416616439819,156,488,0,488,156,39356,1.552795028644728e-09,1.552795028644728e-09,2.0491803236697123e-09,6.410256369165023e-09
09546672-40ad-4edf-8c52-a3ddf759732f,0.6,0.033363550901412964,0.9965494871139526,799,1192,739,453,60,38748,0.7423405325251932,0.5902555913815849,0.6199664432718401,0.9249061327598171
642bb155-94c6-42cb-bd53-1fed1d5aec23,0.6,0.01935999095439911,0.9999054670333862,2977,757,711,46,2266,36977,0.38082485287069506,0.23519682459967026,0.9392338177817254,0.23883103821335874
a05fea77-f700-4649-89d6-55fdc9805570,0.6,0.050894107669591904,0.9990849494934082,1105,1979,984,995,121,37900,0.6381322958371816,0.4685714288244898,0.4972208188493073,0.8904977376556581
b9e88bbe-d80c-4389-9af3-97b3afe69333,0.6,0.0402303971350193,0.9989705085754395,1362,1580,1300,280,62,38358,0.8837525493257129,0.7917174179100381,0.8227848102387438,0.9544787078160949
e6973a8e-0602-4ba8-bbc6-21cdb8f7d21c,0.6,0.014008020050823689,0.9998437166213989,454,507,405,102,49,39444,0.8428720084881665,0.7284172666755085,0.7988165684441488,0.892070484819228
67606536-23bd-4484-a0f0-7d577330f87a,0.6,0.015530357137322426,0.9995742440223694,553,598,520,78,33,39369,0.903562119979529,0.8240887482977991,0.8695652176094227,0.9403254973954331
4704ac77-eb40-486f-8389-f2734799f9c2,0.6,0.02230316773056984,0.9997817873954773,1252,876,825,51,427,38697,0.7753759399551806,0.6331542596829207,0.9417808219842685,0.658945687173366
3a86005a-3926-4eeb-8b85-59933bd52bfe,0.6,0.09981238096952438,0.9980734586715698,9463,3887,2947,940,6516,29597,0.4414981273826593,0.28328366824153767,0.7581682532137463,0.3114234387285825
8d787c6f-f905-4a9b-85fd-203059bc7ad8,0.6,0.017072003334760666,0.9997997879981995,517,669,443,226,74,39257,0.7470489040918643,0.5962314944869024,0.6621823622388904,0.8568665379944554
bd68ab65-9ce5-4fe8-a64e-b683ad9a7382,0.6,0.0007855874137021601,0.4454367756843567,772,0,0,0,772,39228,1.2953367858868694e-09,1.2953367858868694e-09,1.0,1.2953367858868694e-09
b1de76c8-db30-4197-a261-9046f50f211d,0.6,0.018647463992238045,0.9990928173065186,545,726,487,239,58,39216,0.7663257279572574,0.6211734698709522,0.6707988985250704,0.8935779818466459
1c13f53c-f5ba-444a-9534-7c354254ef37,0.6,0.0307766105979681,0.9993317723274231,197,1108,197,911,0,38892,0.301915709347191,0.17779783467707774,0.17779783467707774,1.0
07ec1d88-1c38-40de-9887-a12559867757,0.6,0.0197558905929327,0.9997108578681946,799,773,652,121,147,39080,0.8295165395486536,0.7086956524905482,0.8434670118454501,0.8160200252615519
67bcac86-5d92-4bc5-89ff-53ea57784186,0.6,7.317675044760108e-05,0.008342482149600983,656,0,0,0,656,39344,1.5243902415786734e-09,1.5243902415786734e-09,1.0,1.5243902415786734e-09
4a155e3f-6602-4575-b01f-106a7352593c,0.6,0.07644225656986237,0.9994803071022034,1390,3000,1228,1772,162,36838,0.5594533030616279,0.3883617965248698,0.4093333335302223,0.8834532374939186
9d9123c6-5950-4891-84f1-f5ef891961e2,0.6,0.019592374563217163,0.9998947381973267,697,761,647,114,50,39189,0.8875171468535548,0.7977805181285074,0.8501971092638672,0.9282639886251592
237f7281-cf08-4a29-922f-264cbdf8de8a,0.6,0.02063472382724285,0.9998403787612915,922,808,701,107,221,38971,0.8104046243870494,0.6812439264516579,0.8675742575896358,0.7603036878955491
d731d711-88c3-4f41-9081-b0430e9dd0dd,0.6,0.035509757697582245,0.9995793700218201,1117,1196,945,251,172,38632,0.8171206226471593,0.6907894739102416,0.7901337794396874,0.8460161147305136
6ca710be-50d0-4ea6-8050-f70c20b6b12c,0.6,0.02129671722650528,0.9938693046569824,375,831,243,588,132,39037,0.4029850751219029,0.2523364493745208,0.2924187734146585,0.6480000009386666
84323019-31e8-4ad0-8981-79aeae558151,0.6,0.04743470251560211,0.9987026453018188,1002,1810,898,912,104,38086,0.6386913230303375,0.46917450393460053,0.4961325969634626,0.8962075849339246
c80e9137-347b-4e8a-bc86-18cb5b73eec6,0.6,0.01995362900197506,0.9991577863693237,441,762,378,384,63,39175,0.6284289279896683,0.4581818188385675,0.4960629927873189,0.8571428574667962
f8394a3f-382b-49a3-8c16-2f6b51d92e61,0.6,0.04205308109521866,0.9998918771743774,1659,1646,1429,217,230,38124,0.8647503782557487,0.7617270790182692,0.8681652491687939,0.8613622665091246
ceb23db4-3d67-4651-98c0-5f28b12e019a,0.6,0.00015503850590903312,0.029305562376976013,629,0,0,0,629,39371,1.58982511670934e-09,1.58982511670934e-09,1.0,1.58982511670934e-09
3ecaf919-c623-49eb-93e8-c7bfe3113cc1,0.6,0.0082227298989892,0.9857531189918518,742,305,227,78,515,39180,0.4336198668255779,0.27682926917459844,0.7442622959204515,0.30592992007287073
f766eba1-09b9-4a68-bda5-169ce6c43340,0.6,0.046483106911182404,0.9997745156288147,1656,1695,1455,240,201,38104,0.868397493324859,0.7674050634138159,0.8584070797295533,0.8786231884790923
dda8baa7-4d0f-44ff-b1d6-f3ce56451bfd,0.6,0.024715859442949295,0.9853627681732178,964,866,503,363,461,38673,0.549726776202335,0.3790504902946115,0.5808314092600099,0.5217842328612197
5f2173ea-1f29-4df7-ac49-19c3a29bce19,0.6,0.00013678458344656974,0.010937388986349106,871,0,0,0,871,39129,1.1481056243994194e-09,1.1481056243994194e-09,1.0,1.1481056243994194e-09
678cdbee-ac49-41d2-966b-c5580561f635,0.6,0.027785195037722588,0.9989815354347229,890,1094,676,418,214,38692,0.6814516130637844,0.5168195722348474,0.6179159052852687,0.7595505620679207
8ca93753-518f-4047-9ec4-41b8a6427aa9,0.6,0.04586894437670708,0.9997486472129822,2632,1802,1655,147,977,37221,0.7465042851270851,0.5955379634416921,0.9184239734081998,0.6287993922382982
3f486234-214f-428f-844e-d2700cb0ea0b,0.6,0.011231223121285439,0.9944816827774048,1087,422,84,338,1003,38575,0.11133200854119812,0.05894736908144044,0.19905213459940252,0.07727690977251434
8c7d8734-1f5f-44fb-a33d-8b25da5e6862,0.6,0.03724148869514465,0.9998818635940552,1327,1454,1200,254,127,38419,0.8629989213006116,0.7590132828848746,0.825309491179292,0.904295403237155
d283104f-de72-4b6e-8451-d1787ca573b2,0.6,0.015356254763901234,0.9989583492279053,1653,563,0,563,1653,37784,4.512635377024984e-10,4.512635377024984e-10,1.7761989311257567e-09,6.049606771899814e-10
83e44814-6362-4a49-ab2a-a06aea325df1,0.6,0.07321735471487045,0.9993182420730591,2865,2880,2576,304,289,36831,0.8967798085471228,0.8128747239467105,0.8944444444810957,0.8991273996861684
3da4b786-9d1c-424a-826a-85835df19a93,0.6,0.05391884595155716,0.9956883788108826,2046,2125,1521,604,525,37350,0.7293215056990358,0.5739622643117124,0.7157647060161109,0.7434017596562064
941e6d12-2a00-41ff-b01f-e76ec4bba23b,0.6,0.06741618365049362,0.997512936592102,1788,2640,1363,1277,425,36935,0.6156278230317009,0.44469820572766783,0.5162878789711032,0.7623042506922236
9fb47db8-6931-4215-a761-9a39a4e0d1c9,0.6,0.011254877783358097,0.9992650151252747,496,434,388,46,108,39458,0.8344086023285929,0.715867159195817,0.8940092168340802,0.7822580649551248
29028f7b-ae03-415d-9fec-afd370aad287,0.6,0.03066537156701088,0.9986880421638489,323,1163,322,841,1,38836,0.43337819688197965,0.2766323030269482,0.276870163992373,0.9969040247773869
0552676d-e02d-4d1d-a0f8-96f481aebd36,0.6,0.012886231765151024,0.9995637536048889,292,495,291,204,1,39504,0.7395171540793937,0.5866935492203759,0.587878788711356,0.9965753424774817
72360c90-928d-480d-b95b-69b283facef6,0.6,0.01864410936832428,0.9982624650001526,298,697,259,438,39,39264,0.5206030155571829,0.3519021747936112,0.3715925403563952,0.8691275172176929
de0adc31-226c-4a47-9ef9-4d265602d796,0.6,0.01676410809159279,0.9911521077156067,758,610,521,89,237,39153,0.7616959066069474,0.6151121610211191,0.8540983608949207,0.6873350927607716
9c8b95d4-ad06-482b-99f2-c60f6f750b29,0.6,0.04598139598965645,0.9999450445175171,1518,1787,1481,306,37,38176,0.8962178517711897,0.8119517544890615,0.8287632905267134,0.9756258234679672
f11a5308-358c-48fd-989a-13ae407962ad,0.6,0.03310522437095642,0.9996013045310974,1412,1291,1129,162,283,38426,0.8353681095688612,0.7172808133943578,0.8745158792606383,0.7995750709634738
9b5db8ec-0e96-4215-907d-691b33a9a13a,0.6,0.012602911330759525,0.9964818954467773,2419,482,372,110,2047,37471,0.2564632887775032,0.14709371326726228,0.771784232838622,0.1537825551245215
34f164ad-dabb-4aa8-9f32-d52868d03dfb,0.6,0.0394117571413517,0.9997429251670837,1292,1491,1204,287,88,38421,0.8652533237997653,0.7625079165531933,0.807511737218302,0.9318885449443587
27a69d51-c592-4e46-9f20-8231d8fcac37,0.6,0.07367414236068726,0.9979518055915833,4056,2760,2753,7,1303,35937,0.8078051643474464,0.6775781443077583,0.997463768116861,0.6787475345959695
5884a677-afba-49e0-9a70-b1aa24cfe368,0.6,0.03319516032934189,0.9998797178268433,1217,1294,1100,194,117,38589,0.8761449622157925,0.7795889441675486,0.8500772798685647,0.9038619557075909
2f0ee35b-99bf-4410-8006-d68fb4be07a8,0.6,0.012389928102493286,0.9992460012435913,1802,464,330,134,1472,38064,0.29126213623510055,0.17045454588302966,0.7112068971741231,0.1831298561691843
5bcf421b-2a38-4911-a7f5-f6b579682eed,0.6,0.08121367543935776,0.9980898499488831,5536,3234,3127,107,2409,34357,0.713112884867376,0.5541378700063551,0.9669140383528404,0.5648482659745577
97349ec4-b140-470e-b52d-8a8b596f47a6,0.6,0.04621931537985802,0.9986385703086853,4436,1807,1799,8,2637,35556,0.5763254846105517,0.4048154816820847,0.9955727725536399,0.4055455366533937
8d2f53e5-76d5-4675-9802-4ed9b6c0551b,0.6,0.05853505805134773,0.994971752166748,98,2237,0,2237,98,37665,4.282655244418563e-10,4.282655244418563e-10,4.4702726846355507e-10,1.020408152852978e-08
fc563ba2-6ff2-4b56-acb3-8f059baef1c2,0.6,0.049173757433891296,0.9996321201324463,1037,1910,984,926,53,38037,0.6677977605470656,0.5012735611302732,0.5151832463271292,0.9488910318718504
2c21d43a-ba98-4ae1-9a9f-c3155e486e5b,0.6,0.08337758481502533,0.99953293800354,1194,3237,969,2268,225,36538,0.4373730536137727,0.27989601407282033,0.2993512513749301,0.8115577891025478
b48eed17-ca89-44f2-a9c6-ff629cd558ab,0.6,0.029004404321312904,0.99915611743927,1724,1135,741,394,983,37882,0.5183630641768581,0.3498583572474701,0.6528634364291952,0.42981438548154616
5626fa5a-6c4f-4410-951f-f0cca4a53424,0.6,0.03795551508665085,0.9985036849975586,1795,1490,1435,55,360,38150,0.8736681887751391,0.7756756757969321,0.9630872483469213,0.7994428970476641
f61eb377-601f-47c7-8d57-d60cb73ab05d,0.6,0.0029619697015732527,0.9658485651016235,925,104,96,8,829,39067,0.18658892207328576,0.10289389163676968,0.923076923816568,0.10378378475266617
2529a513-cc6d-49c0-a7f4-17a0adf607bc,0.6,0.014064268209040165,0.9995459914207458,563,554,501,53,62,39384,0.8970456581047039,0.8133116886147538,0.9043321301365846,0.8898756662702031
4e3846e7-7ec6-4fad-945b-295edfda60a1,0.6,0.028017248958349228,0.9994539618492126,368,1100,368,732,0,38900,0.5013623981598349,0.3345454551504132,0.3345454551504132,1.0
b6c5df10-ddfc-41ff-8025-0ec24bfceb03,0.6,0.028475381433963776,0.9998028874397278,1029,1114,928,186,101,38785,0.8660755950228299,0.7637860084248674,0.833034111460472,0.9018464529622482
60c80090-68a5-43fa-8faf-0c7e309037b4,0.6,0.0771215483546257,0.9987838864326477,2644,3044,2353,691,291,36665,0.8273558368798601,0.7055472264750983,0.7729960578932339,0.8899394856694631
de3bdfb2-9a07-480f-9f8d-d8947d0d1315,0.6,0.022649049758911133,0.9946978092193604,925,882,774,108,151,38967,0.8566685114240905,0.7492739595844394,0.8775510205469943,0.8367567569332359
71470fff-aa08-4cc7-b8fa-a012bdaf2e17,0.6,0.0010630638571456075,0.8886823058128357,282,31,0,31,282,39687,3.1948881687064275e-09,3.1948881687064275e-09,3.225806347554634e-08,3.5460992782053217e-09
7a526ba3-c02a-4b41-aa6e-3f20c685952c,0.6,0.055433936417102814,0.9997907280921936,1338,2188,1268,920,70,37742,0.7192285877143424,0.5615589018770776,0.5795246802652996,0.9476831091571876
de9b2cf4-d753-4ff7-9ff4-5b389ef94414,0.6,0.0012431268114596605,0.8876349329948425,327,35,35,0,292,39673,0.19337016797411555,0.10703364187451485,1.0,0.10703364187451485
f7971080-2c61-4d94-bd9a-ee6cff9fad75,0.6,0.00032639940036460757,0.026701951399445534,297,0,0,0,297,39703,3.3670033556666553e-09,3.3670033556666553e-09,1.0,3.3670033556666553e-09
617140a7-5a6e-429e-a804-c4043b2a975f,0.6,0.07081212848424911,0.9997208714485168,1393,2701,1303,1398,90,37209,0.6365412800106152,0.46685775726733875,0.4824139209617128,0.9353912419702862
563a9025-917f-4cfb-bf08-a2ff880a038d,0.6,0.06788471341133118,0.9988717436790466,2143,2663,2089,574,54,37283,0.8693300041886538,0.7688627163162081,0.7844536238135735,0.9748016798997658
941a55db-40ad-4515-8913-2e475e471d53,0.6,0.018482079729437828,0.9987322688102722,1190,715,630,85,560,38725,0.6614173230123794,0.49411764745559394,0.8811188812851484,0.5294117651013346
2f0017c8-3489-4c8b-8a66-72cfd4f64463,0.6,0.009293896146118641,0.9965283274650574,1210,358,328,30,882,38760,0.41836734730971464,0.2645161296253902,0.9162011175525109,0.2710743807677071
74b96256-bcac-4d76-b97d-fb6c7ef2d2a1,0.6,0.02191539853811264,0.9995792508125305,502,854,469,385,33,39113,0.691740413206681,0.528748591286642,0.5491803283967444,0.9342629483381216
e029cd1c-7434-400e-a2f2-6b790a8c0dd6,0.6,0.013054898008704185,0.9956682920455933,348,485,306,179,42,39473,0.7346938778695151,0.5806451620860623,0.6309278358125199,0.8793103451743955
c6261898-7847-4927-9338-d2e46eab336d,0.6,0.06014994531869888,0.9997426867485046,583,2377,540,1837,43,37580,0.3648648650794376,0.22314049618878493,0.2271771143343807,0.9262435678795136
ab9f3dd5-0ac6-486f-a3d2-6890152b403d,0.6,0.024223580956459045,0.9981703758239746,470,944,458,486,12,39044,0.647807638155723,0.4790794984528457,0.485169492070795,0.9744680851607062
d6364f64-e9a0-436b-be85-f088a0e55650,0.6,0.08314576745033264,0.9986205101013184,5853,3272,3188,84,2665,34063,0.6987397260604121,0.5369715345229962,0.9743276283697043,0.5446779430130397
445c11f5-a5fc-4e2a-a645-c9e2754f6488,0.6,0.03466208279132843,0.9998741149902344,2111,1356,1325,31,786,37858,0.7643495818389531,0.6185807658176561,0.977138643084706,0.6276646141034276
83363f9a-e15b-4e25-97f1-fab759fefa3e,0.6,0.021762266755104065,0.9996285438537598,847,852,780,72,67,39081,0.9181871689710494,0.8487486399904802,0.9154929578456655,0.9208972846270398
18c5dbb7-adfb-4bb0-8059-69d23897128f,0.6,0.024768361821770668,0.999886155128479,2702,957,852,105,1850,37193,0.4657010113512706,0.3035268972912266,0.8902821317760897,0.31532198396916283
91e1209a-82be-478f-846e-43914fd6c7ad,0.6,0.029428543522953987,0.9962126016616821,924,1152,268,884,656,38192,0.2581888250201403,0.14823008896668688,0.23263888955500095,0.2900432908116415
4f6b4a0f-ca3d-48b4-81db-904b7906f4f6,0.6,0.03318779543042183,0.9998201727867126,844,1311,833,478,11,38678,0.773085846973046,0.6301059004310847,0.6353928301789528,0.9869668246599919
a0f2e924-6a48-4643-97a3-81f264a9b872,0.6,0.08611110597848892,0.9985989928245544,3067,3390,2683,707,384,36226,0.8310360848953018,0.7109167992286919,0.791445427790134,0.8747962178432357
f8827a59-d7e6-4ea8-9bfd-538175a473b1,0.6,0.04015999287366867,0.9998408555984497,1386,1550,1060,490,326,38124,0.722070844781311,0.56503198317429,0.6838709679458898,0.7647907649604685
adc458a4-a270-462f-94ae-cd29eb1e0eb7,0.6,0.021782170981168747,0.998906135559082,832,839,716,123,116,39045,0.8569718732154566,0.7497382201573422,0.8533969012474412,0.8605769232444989
5ca5c35e-073a-45d2-9999-ee690a0ba556,0.6,0.021859103813767433,0.9990070462226868,876,844,812,32,64,39092,0.9441860465440779,0.8942731278697432,0.9620853081017947,0.9269406393528075
bb2e6a4e-6c29-4dcd-b73c-f578fcce83fa,0.6,0.043969303369522095,0.9994912147521973,2070,1708,1533,175,537,37755,0.8115404976676706,0.6828507796512915,0.8975409836665451,0.7405797102702515
de48f0fc-c9b1-47a8-96ef-210f55ba18b9,0.6,0.000557087070774287,0.3365015983581543,1406,0,0,0,1406,38594,7.112375528369575e-10,7.112375528369575e-10,1.0,7.112375528369575e-10
b2e10d06-e5e9-4c5a-a005-1310c91535f7,0.6,0.012708610855042934,0.9994099140167236,466,495,232,263,234,39271,0.4828303855537665,0.3182441710312151,0.46868686976022855,0.4978540783307852
4c52967d-b1fd-45bb-87bf-694b1d4658e2,0.6,0.03817636892199516,0.9942206144332886,795,1508,742,766,53,38439,0.6443768998504661,0.47533632320606256,0.49204244065514424,0.9333333334171908
9e62946f-cf21-4537-ae76-72caecde546c,0.6,0.07589375972747803,0.9996579885482788,1445,2515,1444,1071,1,37484,0.7292929293612896,0.5739268682138606,0.5741550697518271,0.9993079584779876
69f0ad02-b66b-4e76-bb60-3bcb51dbbfb1,0.6,0.019526265561580658,0.9992326498031616,391,756,304,452,87,39157,0.5300784659720327,0.36061684536107136,0.4021164029072534,0.7774936067071775
c8dc3392-517a-4e24-9c8c-11c4396ea187,0.6,0.011194927617907524,0.997969925403595,396,438,353,85,43,39519,0.8465227819586058,0.7338877344409819,0.805936073502429,0.8914141416883481
ca37c489-9e45-4869-8ce3-1fe8cb563a69,0.6,0.07879650592803955,0.9997726082801819,1833,3058,1786,1272,47,36895,0.7303209978061089,0.5752012883815777,0.5840418575591754,0.9743589743729629
b9ae81f1-d4c7-405a-bd6e-14bbcb7e85bf,0.6,0.02926810272037983,0.9975873231887817,1215,1110,893,217,322,38568,0.7681720431104637,0.623603352218154,0.8045045046806265,0.7349794240864366
dd429a3c-804a-4659-ae8f-3caa22b6374a,0.6,0.0407366082072258,0.9996645450592041,1269,1428,1181,247,88,38484,0.8757879125414209,0.7790237468476097,0.8270308124460569,0.930654058368279
ad5fa87b-3435-4fdd-87b1-1da3a202db4c,0.6,0.03357662633061409,0.9998213648796082,1336,1310,1072,238,264,38426,0.8102796674942253,0.6810673445482419,0.8183206108257095,0.8023952097287461
754cc948-870d-4f00-a080-77ebf4fb4158,0.6,0.01855764165520668,0.999946117401123,1246,726,659,67,587,38687,0.6683569981397784,0.501904036936859,0.907713498749706,0.5288924562368439
fa2d14b6-1347-4ab2-96e2-8d29c8a144da,0.6,0.0099567836150527,0.9990584254264832,1760,380,361,19,1399,38221,0.3373831778797275,0.20292299089211746,0.9500000001315789,0.20511363681527633
cf859ba5-9c8b-4474-ac5f-7bf079dda241,0.6,0.04931099712848663,0.9998679161071777,1704,1928,1600,328,104,37968,0.8810572687552155,0.7874015749077748,0.829875518760438,0.9389671361860522
d75642d6-aac3-4dea-a85e-875f1ad769f5,0.6,0.029246307909488678,0.9993150234222412,960,1070,805,265,155,38775,0.7931034483777816,0.6571428574227405,0.752336448829592,0.8385416668348524
ea90fc30-428a-4c09-a7eb-aac47d75acd8,0.6,0.009340283460915089,0.9944621920585632,95,356,95,261,0,39644,0.42128603232530815,0.26685393464366874,0.26685393464366874,1.0
c20b29af-0b44-4581-a067-99c6cce34a0c,0.6,0.05396300181746483,0.9958263039588928,5529,2098,2098,0,3431,34471,0.5501507801822275,0.3794537892241899,1.0,0.3794537892241899
93417c6e-d7e0-4db5-b266-eb4fe766bd63,0.6,0.0274551659822464,0.9981244206428528,1422,1046,587,459,835,38119,0.4756888170681975,0.3120680492758809,0.5611854688707595,0.41279887523713155
fe2500ad-d652-43e2-af21-e51f538176d3,0.6,0.00736614316701889,0.9991391897201538,508,279,0,279,508,39213,1.2706480288810063e-09,1.2706480288810063e-09,3.5842293778343033e-09,1.9685039331328662e-09
6767ad0c-e6b9-4bdb-928d-f7a1e6d4ec09,0.6,0.02259107120335102,0.9987595081329346,791,844,607,237,184,38972,0.7425076454174265,0.5904669264684174,0.7191943131289167,0.7673830597125372
a6032970-a58f-410d-94d8-1cb5815c121b,0.6,0.02747066132724285,0.9957770109176636,563,1078,524,554,39,38883,0.638634978891752,0.4691136978790387,0.48608534370493006,0.9307282416860955
eb71d10f-7799-42fc-bfe5-1aad3b589610,0.6,0.016866294667124748,0.9957419037818909,813,658,610,48,203,39139,0.8293677771384311,0.7084785136951469,0.9270516718433865,0.7503075033821556
6bdcd4f0-121b-48ff-9416-a632c5e80296,0.6,0.0785464346408844,0.9981350898742676,5302,3025,2901,124,2401,34574,0.6967695448905045,0.5346479912394677,0.9590082644763609,0.5471520181917857
a748bebf-f1d0-4ac5-9dde-269d90649715,0.6,0.02354755625128746,0.9997087121009827,598,919,577,342,21,39060,0.7607119316013765,0.613829787644862,0.6278563660197428,0.9648829432025369
fffb9698-a9ea-4a96-a61d-7f1c1d0ba295,0.6,0.06930232793092728,0.9996070265769958,3207,2716,2603,113,604,36680,0.8789464798448512,0.7840361446433626,0.9583946981007383,0.8116619894569186
2a1e993d-1ef2-48dd-829f-7b214b53549d,0.6,0.02384849451482296,0.9996544122695923,2206,932,844,88,1362,37706,0.5379222436144289,0.36791630367571215,0.9055793992429405,0.38259292865702954
4af18862-770f-4e5a-a7dc-a14db931a759,0.6,0.05511876940727234,0.9995530247688293,3002,2189,2023,166,979,36832,0.7794259295358454,0.6385732324373191,0.9241662860099744,0.6738840773904451
fda498a1-c4a6-418b-99aa-0efaef57f89b,0.6,0.03329029679298401,0.9978206157684326,601,1245,482,763,119,38636,0.5222101844408396,0.3533724344916624,0.3871485948697601,0.8019966725424348
6c8f0f08-61f7-4d95-ba70-98a6e64e4eb8,0.6,0.014530351385474205,0.9985800981521606,586,570,426,144,160,39270,0.7370242216807749,0.5835616444060799,0.7473684214958449,0.7269624578038183
d9b81bd9-ff98-4d9d-804d-40b0dd3b73c9,0.6,0.016480151563882828,0.9998165965080261,640,631,541,90,99,39270,0.8512981905182547,0.7410958907656221,0.8573692553765939,0.8453125002416992
321c1ab5-6ebf-407a-b821-1c16cb7c8edd,0.6,0.016356365755200386,0.9988086223602295,1352,640,204,436,1148,38212,0.20481927750762083,0.11409396022701679,0.3187500010644531,0.15088757459253876
ab8ade9a-e5d5-481f-8c81-3f8ead03087d,0.6,0.026994284242391586,0.9997305274009705,1214,1055,830,225,384,38561,0.731599823829176,0.576789437403204,0.786729858022057,0.6836902803264494
24871812-89c1-48c6-b53f-643e1f460719,0.6,0.019853556528687477,0.9991233944892883,976,775,660,115,316,38909,0.7538549401748401,0.6049495878964715,0.8516129034172737,0.6762295085284534
24074bf1-19ca-4cc8-a62b-2ac1cb5e0f90,0.6,0.019274050369858742,0.9832642674446106,1833,748,709,39,1124,38128,0.5493994577491673,0.37873931657118626,0.9478609626365495,0.38679759989809187
beb168c0-8820-41ae-8ed6-bd880474c350,0.6,0.02516591176390648,0.9996426105499268,2270,941,321,620,1949,37110,0.19993771435691757,0.1110726646674489,0.34112646191166157,0.14140969200818956
7ea777f8-b493-4682-b7ad-5f83a925fd8d,0.6,0.016141504049301147,0.9994816184043884,1062,624,526,98,536,38840,0.6239620405551827,0.4534482763332342,0.8429487182004027,0.49529190254680605
e68ffb23-9d39-4d94-b30f-aa95e6f57f50,0.6,0.0002457965456414968,0.02240133285522461,1027,0,0,0,1027,38973,9.73709833521217e-10,9.73709833521217e-10,1.0,9.73709833521217e-10
46584d5d-5386-44f0-a87f-7ad73ad423c3,0.6,0.06264039874076843,0.9982836246490479,2765,2447,2266,181,499,37054,0.8695318496029294,0.7691785472609713,0.9260318757964725,0.8195298373166258
603c2b57-706b-4f7c-a4a5-b149ad413e00,0.6,0.00019350158981978893,0.01662168838083744,624,0,0,0,624,39376,1.6025640999958907e-09,1.6025640999958907e-09,1.0,1.6025640999958907e-09
eec4b886-46cd-4f9e-acc1-928bf47dddb8,0.6,0.08823928982019424,0.9994534850120544,3546,3482,3281,201,265,36253,0.9336937962530316,0.8756338404388487,0.9422745548701107,0.9252679075224851
9d9a9677-8417-40fb-883c-4a71f75e8e3f,0.6,0.036058224737644196,0.9997325539588928,521,1388,521,867,0,38612,0.5458355162148584,0.37536023099757904,0.37536023099757904,1.0
a0a513a9-58d2-412e-b585-4b0053fc1b69,0.6,0.04794289916753769,0.9989088773727417,1814,1826,1530,296,284,37890,0.8406593407031155,0.725118483542598,0.8378970428050947,0.8434399118834399
092afd5a-75d7-4017-8d56-db0e3ef3ed1e,0.6,0.022055845707654953,0.9994897842407227,1045,856,793,63,252,38892,0.8342977381197803,0.7157039713757184,0.9264018692448577,0.7588516748719122
372b7e1a-051a-4b6b-801d-1a0b90ab2825,0.6,0.037038303911685944,0.9997875094413757,1921,1402,662,740,1259,37339,0.3984351491428122,0.24877865492342027,0.4721825966674874,0.3446121814968182
d01dd02b-7a28-478b-96f2-155bdda29cee,0.6,0.0003327055892441422,0.03696741908788681,664,0,0,0,664,39336,1.5060240941174335e-09,1.5060240941174335e-09,1.0,1.5060240941174335e-09
19364d09-2333-4057-827a-8c78c58e00f8,0.6,0.056843921542167664,0.9987621307373047,655,2226,609,1617,46,37728,0.42276987177272835,0.2680457749700503,0.2735849059867094,0.929770992473632
7f7ddd69-f22c-4433-8b67-98a5794afcc8,0.6,0.04488809034228325,0.9998801946640015,1569,1772,1376,396,193,38035,0.8237054774547424,0.7002544530787509,0.776523702157718,0.876991714546213
77a4f7e3-2a24-4044-86bb-4230e2bc40d0,0.6,0.016230443492531776,0.999925971031189,929,630,490,140,439,38931,0.6286080823421372,0.4583723110772943,0.7777777781305114,0.5274488702610884
41dc8164-f4e6-40d9-9c90-8d586894c334,0.6,0.0003697228094097227,0.2145906537771225,415,0,0,0,415,39585,2.4096385484105095e-09,2.4096385484105095e-09,1.0,2.4096385484105095e-09
46157d53-b20a-4da0-ab03-1574332013d4,0.6,0.03397741541266441,0.9944308400154114,950,1335,831,504,119,38546,0.7273522977123186,0.5715268228531452,0.622471910395152,0.8747368422371191
f4c604fe-7294-4980-ab4a-86879b7c3549,0.6,0.054197948426008224,0.9997602105140686,2359,2121,1813,308,546,37333,0.8093750000425501,0.679790026366783,0.85478547861632,0.7685459941633973
8d355bc9-addd-46bd-9fec-59a53a0f87d3,0.6,0.04531688615679741,0.9995986819267273,1578,1743,1281,462,297,37960,0.7714543812792971,0.62794117665297,0.7349397591882159,0.8117870723626192
28700c4e-b827-4212-aa0d-bf84be66c175,0.6,2.082639597310864e-37,3.34441881399166e-33,1183,0,0,0,1183,38817,8.453085369016833e-10,8.453085369016833e-10,1.0,8.453085369016833e-10
ce4ee57f-95b3-407b-b9fb-7ac6ca54b001,0.6,0.024238059297204018,0.9995419979095459,987,949,714,235,273,38778,0.7376033059206595,0.5842880527133485,0.7523709170154153,0.7234042555993878
1bcffe1b-4eda-4e92-8c67-9c00cbce0277,0.6,0.0151803744956851,0.9998747110366821,497,594,483,111,14,39392,0.8854262145871437,0.794407895074987,0.8131313134459068,0.9718309859721711
b39aab22-7c2f-4878-9e84-518f74b3c029,0.6,0.022872954607009888,0.9989744424819946,1173,894,597,297,576,38530,0.5776487665323422,0.40612244938359016,0.6677852352709337,0.5089514070682426
4d8bc4f4-3559-4b81-b197-afffc644ea7a,0.6,0.022176332771778107,0.9996868371963501,1127,868,719,149,408,38724,0.7208020051524802,0.563479624166552,0.8283410140226486,0.6379769302236229
b4fbd009-21e9-4585-9cf9-4cd7eacc32fc,0.6,0.03746756166219711,0.9997001886367798,1034,1452,960,492,74,38474,0.7723250202042137,0.6290956752102911,0.6611570250267513,0.9284332689280141
59e2a962-2357-4c2a-ac5c-3cac4e0aa241,0.6,0.005526943132281303,0.9842064380645752,697,206,0,206,697,39097,1.1074197108444964e-09,1.1074197108444964e-09,4.854368908473937e-09,1.4347202274968145e-09
92f80f16-9c5b-46c6-a2bf-09feb483cd10,0.6,0.032365407794713974,0.9910175800323486,1364,1267,1047,220,317,38416,0.7958950969988996,0.6609848486988732,0.8263614839570943,0.7675953080882733
9c8a3746-9bda-4750-80c7-4229c6591e3e,0.6,8.558038825867698e-05,0.004586460068821907,349,0,0,0,349,39651,2.8653295046838696e-09,2.8653295046838696e-09,1.0,2.8653295046838696e-09
f2ff4a41-fc8b-4029-9e8e-a1c7104ac667,0.6,0.01805119961500168,0.9938334226608276,355,712,347,365,8,39280,0.6504217435328755,0.48194444516396606,0.48735955128179836,0.9774647887958738
18634d49-4776-42f6-a769-679b047d1f19,0.6,0.02917610853910446,0.9997584223747253,2120,1124,908,216,1212,37664,0.5598027128360658,0.38869863039867353,0.8078291816656323,0.4283018870621218
e887b695-6ea5-4703-b37c-589a5becb194,0.6,0.03488444536924362,0.9995089769363403,907,1373,736,637,171,38456,0.6456140352431519,0.47668393816276944,0.536052440250508,0.8114663728649765
90f483c7-5004-49ad-9dbc-1340050d5eaa,0.6,0.017097193747758865,0.9998677968978882,364,670,311,359,53,39277,0.601547389166782,0.43015214463326124,0.46417910527734463,0.8543956047956165
019955bf-879b-4f20-bb3d-fcc2946ece6f,0.6,0.1150919646024704,0.9981861710548401,3430,4547,3206,1341,224,35229,0.8038109565245317,0.6719765249063138,0.7050802727721397,0.9346938775700601
727a0c96-28bc-4fef-8357-e4b10287f0d0,0.6,0.0449400320649147,0.9989839196205139,719,1755,719,1036,0,38245,0.581244947622779,0.4096866100229706,0.4096866100229706,1.0
d6c29101-95cf-46db-b85d-e09ad062111f,0.6,0.057036884129047394,0.9997679591178894,3782,2235,1857,378,1925,35840,0.6172511218851169,0.44639423090230906,0.8308724832971489,0.4910100477284479
7e633c39-a882-4ddf-babf-e8190902eaeb,0.6,0.02312801219522953,0.9996894598007202,908,902,857,45,51,39047,0.946961325996154,0.8992654775453668,0.9501108648003206,0.9438325991808011
b9fcd630-17d4-4265-beb7-d62c3c81370e,0.6,0.024294473230838776,0.99988853931427,752,948,720,228,32,39020,0.8470588236193771,0.7346938778217409,0.7594936711397746,0.957446808567225
a2fba23a-0fed-4c38-9e86-f4d2132475f2,0.6,0.035360947251319885,0.9995446801185608,945,1366,819,547,126,38508,0.7087840762835206,0.548927614243346,0.5995607616401458,0.8666666668077602
25734a33-de7e-43c0-a958-1196d8c4e5e5,0.6,0.023729627951979637,0.9989191293716431,1017,922,459,463,558,38520,0.47343991775480143,0.31013513560126,0.4978308031476889,0.4513274341678196
06a53466-5820-487b-a207-369f2596b479,0.6,0.02521415613591671,0.9990936517715454,417,980,417,563,0,39020,0.5969935579119587,0.4255102046678467,0.4255102046678467,1.0
c2244dea-bdc4-4282-a6d3-d5c2220aec91,0.6,0.04473575949668884,0.9995236396789551,1356,1737,1270,467,86,38177,0.82120918208173,0.6966538674181822,0.7311456535802271,0.9365781711382167
8ea5cb98-d5a4-4f86-ab40-7a92232e10dd,0.6,0.014385649003088474,0.9999507665634155,552,567,473,94,79,39354,0.8453976766350333,0.7321981428294146,0.8342151678408903,0.8568840582302825
c118af45-0a1f-454c-bdde-cdd63311d082,0.6,0.012822763063013554,0.9998251795768738,736,498,444,54,292,39210,0.7196110212969116,0.5620253170100945,0.8915662652779794,0.6032608701042651
080e88b5-94e3-445d-80f6-5a032f2525c2,0.6,0.014048757962882519,0.9999592304229736,279,525,271,254,8,39467,0.6741293536391426,0.5084427776577058,0.5161904771120182,0.9713261649773256
239313dd-ce31-47ed-ae71-08f97dff559b,0.6,0.05316673591732979,0.9965741634368896,3465,1993,1671,322,1794,36213,0.6123122023429255,0.4412463693051898,0.8384345209039465,0.4822510824005048
04f7f2e5-b2aa-41e7-b3ad-08fcb7217722,0.6,0.010364889167249203,0.9999105930328369,544,401,347,54,197,39402,0.7343915346726015,0.5802675592303218,0.8653366586899335,0.637867647724508
0d84ea7b-e123-4b11-9e85-0a7dd5e48dae,0.6,0.010017302818596363,0.9919477105140686,557,380,241,139,316,39304,0.5144076846164273,0.34626436875536726,0.6342105272783933,0.43267504590184014
03e34539-85e9-4414-9223-2fec39b9e2bb,0.6,0.04045736789703369,0.9997517466545105,2184,1563,1446,117,738,37699,0.7718174540240679,0.6284224251940799,0.9251439539826334,0.6620879122426339
f9c10d78-13eb-44f2-9877-e081add398a0,0.6,0.025303533300757408,0.9996793270111084,338,1002,318,684,20,38978,0.47462686606371124,0.31115459949984875,0.31736527014235005,0.9408284025419278
73f3886a-f387-4296-8772-835e94662d5e,0.6,0.027175381779670715,0.9996789693832397,4549,1058,831,227,3718,35224,0.29641519541708305,0.17399497504732098,0.7854442346073305,0.18267751172066882
3e3a80aa-9acb-4b0f-aed8-43fe1503fecb,0.6,0.015263899229466915,0.9996556043624878,822,585,277,308,545,38870,0.3937455583555468,0.24513274403085594,0.4735042744042662,0.33698296917641973
a5ef9cad-6db8-456b-bcdd-5b672c188177,0.6,0.030582373961806297,0.9999046325683594,818,1202,811,391,7,38791,0.8029702971272424,0.6708023162358955,0.6747088189062322,0.9914425427977475
64b292f4-5527-4523-a3f5-6be7fe4a5652,0.6,0.03830898553133011,0.9997420907020569,1430,1491,1215,276,215,38294,0.8319068812626131,0.7121922627712824,0.8148893361402486,0.8496503497554893
b90cd013-d366-4f51-ba78-70d8716b7a35,0.6,0.01657380536198616,0.9955384135246277,741,635,574,61,167,39198,0.8343023257018152,0.7157107235464953,0.9039370080252961,0.7746288801961824
0ab8cf90-a9b0-4f3e-82b0-0a37b52635d2,0.6,0.02232622168958187,0.9996485710144043,738,869,528,341,210,38921,0.6571250779980553,0.48934198379115657,0.6075949371604201,0.7154471548571176
71f2dbe4-d0c1-41d0-921f-b1be94d02fa8,0.6,0.023012831807136536,0.9998540878295898,984,904,833,71,151,38945,0.8824152542995682,0.7895734599150962,0.9214601770780307,0.846544715603105
d43ef731-cfe7-4f2c-8d06-f18a322d490b,0.6,0.009856239892542362,0.9913718700408936,2145,362,335,27,1810,37828,0.2672516955455717,0.15423572782954156,0.9254143648469216,0.1561771565705468
0f936fa2-7bc0-4493-80c6-93a39a3ed6c3,0.6,0.021530896425247192,0.999356210231781,682,811,416,395,266,38923,0.5572672474499214,0.38625812498954676,0.512946979638783,0.6099706750586941
69d80fee-59ba-4971-8a55-48a35a1bb7d7,0.6,0.020509175956249237,0.99869304895401,1297,795,727,68,570,38635,0.6950286808341164,0.5326007329431496,0.9144654089126222,0.5605242871545687
b9e57f38-009f-4464-964b-71da2e102522,0.6,0.04309966787695885,0.9997063279151917,1355,1688,1241,447,114,38198,0.8156424581611428,0.6886792454557829,0.7351895736165939,0.9158671587336774
ddf8228d-b0ba-49d0-b6db-2f235580c4d1,0.6,0.043735578656196594,0.9959327578544617,1383,1649,1353,296,30,38321,0.8924802111172558,0.8058368077392276,0.8204972711822334,0.9783080260460535
aef30ee4-572e-4789-974a-6015728d7000,0.6,0.02780172787606716,0.99993896484375,2430,1074,889,185,1541,37385,0.5074200914647774,0.3399617593346227,0.8277467413149471,0.36584362166014667
bd183e88-e430-44ea-bece-7cc5be53976e,0.6,0.02714153192937374,0.9997676014900208,816,1066,516,550,300,38634,0.5483528163930113,0.37774524203678966,0.48405253331702386,0.6323529416270185
7a1b42a3-599a-489f-8017-6b6abe1360e4,0.6,0.020052334293723106,0.9987381100654602,559,781,552,229,7,39212,0.8238805971463578,0.7005076145932645,0.7067861719503378,0.9874776386628307
45c15abb-0f89-4dba-828e-bda5d75dec1f,0.6,0.03619087487459183,0.9982654452323914,1313,1419,1084,335,229,38352,0.7935578331648764,0.6577669904989278,0.7639182524567173,0.8255902514656586
6467ccec-9e8b-4475-bb12-6b067d3b6d4a,0.6,0.005227609537541866,0.9753943681716919,901,186,0,186,901,38913,9.199632006256087e-10,9.199632006256087e-10,5.376344057116429e-09,1.1098779121976937e-09
aa97cd17-212e-4b04-8668-e7002772b498,0.6,0.02311279997229576,0.9991031885147095,1425,904,887,17,538,38558,0.761700300660498,0.6151178920838294,0.981194690286289,0.6224561406158202
a4f53aa9-9174-4b70-9678-0ab33afe03c0,0.6,0.06301400810480118,0.9995189905166626,1198,2490,1110,1380,88,37422,0.6019522777651973,0.43056633070963296,0.4457831327526976,0.9265442404619831
821be83f-42a8-4755-a615-98a777f5420d,0.6,0.01948724128305912,0.9998859167098999,601,745,533,212,68,39187,0.791976226008933,0.6555965563891801,0.7154362419927031,0.8868552414528199
cac50514-2cfc-422c-9f73-2c5ffb7ed5cf,0.6,0.011199734173715115,0.9998003840446472,402,427,351,76,51,39522,0.8468033777481262,0.7343096239868,0.8220140519390772,0.8731343286737953
118b93dd-60d2-4aa3-854f-5021f418ec7f,0.6,0.05112822726368904,0.9982713460922241,2726,1959,1716,243,1010,37031,0.7325506937603946,0.5779723814153007,0.8759571210434114,0.6294937638923355
eaea7cb2-37a2-4bc7-a0bf-e45b7f11095b,0.6,0.01644628867506981,0.9970779418945312,3040,620,565,55,2475,36905,0.30874316958777515,0.18255250430289097,0.9112903227237252,0.18585526342570552
eb6a15a1-9b84-4d18-800f-6d8b54dbb6f5,0.6,0.01677689328789711,0.9997063279151917,617,640,497,143,120,39240,0.7907716787662914,0.653947368876385,0.7765625003491211,0.8055105351612472
6a687a71-8c21-4b1e-a1d3-52c3cb22ac0b,0.6,0.000514638377353549,0.07465845346450806,839,0,0,0,839,39161,1.1918951118094217e-09,1.1918951118094217e-09,1.0,1.1918951118094217e-09
d1c4f5d7-dd94-4698-a34b-3839a0108539,0.6,0.005737530067563057,0.9869890213012695,450,218,151,67,299,39483,0.4520958092034494,0.29206963386446877,0.6926605518685296,0.3355555570320988
040c04b1-1704-419c-9b51-7e36e1d8c114,0.6,0.011466830037534237,0.998217761516571,764,446,349,97,415,39139,0.5768595044819342,0.40534262554547895,0.7825112112499749,0.4568062834334996
4dfbfd99-8a18-4fb1-ba1b-9a03b132d8bb,0.6,0.008550146594643593,0.9954738020896912,324,335,279,56,45,39620,0.8467374812644348,0.7342105270152355,0.83283582139452,0.8611111115397805
3cb070ab-18b3-4bb0-a9f7-c4796a35f680,0.6,0.01759631745517254,0.9989081621170044,565,689,468,221,97,39214,0.7464114834558121,0.5954198478429773,0.6792452834844045,0.8283185843746573
870ccd52-06b4-42a5-883c-48f1bc793e11,0.6,0.034405630081892014,0.9994738698005676,874,1354,807,547,67,38579,0.7244165171793464,0.5679099228938002,0.596011817137362,0.9233409611861088
a5c82654-2d3a-45db-a480-cdbdd1497f8a,0.6,0.0515865720808506,0.9982095956802368,2105,2049,1549,500,556,37395,0.7457871931281205,0.5946257199252877,0.7559785262293908,0.7358669834984006
0b1cb981-c6a8-4c2c-94e6-79cafb86e6fb,0.6,0.047576986253261566,0.9995525479316711,2006,1872,1477,395,529,37599,0.7617328520470003,0.6151603500145105,0.7889957266084424,0.7362911267515997
f2c03e48-c9fe-4845-aa60-19a838ae8eb3,0.6,0.0831354558467865,0.9981104135513306,3307,3289,2833,456,474,36237,0.8590054578746201,0.7528567632865116,0.8613560353112326,0.8566676746729157
14beb88c-155e-45cb-a989-d2923ff4d44c,0.6,0.022680064663290977,0.9887740612030029,522,899,409,490,113,38988,0.5756509503338135,0.4041501982172429,0.4549499449889322,0.7835249046292626
3ce293e9-086e-45ec-88fe-6fbd1e7b5f16,0.6,0.02093474380671978,0.9997962117195129,508,751,476,275,32,39217,0.756155679304086,0.6079182635914199,0.6338215717259367,0.9370078741397483
cf777b7b-8f14-45d0-b566-bcff1f3bcb3a,0.6,0.012916619889438152,0.9994518160820007,411,506,389,117,22,39472,0.8484187569810047,0.7367424247410181,0.7687747040142793,0.9464720195949586
f9b36e5b-6a3c-42a5-be87-4fb6074585ea,0.6,0.03200816735625267,0.9999120235443115,1315,1260,1152,108,163,38577,0.894757281594269,0.8095572734999598,0.9142857143537415,0.8760456274706877
f790a836-7ff4-424e-a876-1f9d1d45d13a,0.6,0.00026527917361818254,0.020649977028369904,606,0,0,0,606,39394,1.6501650137786055e-09,1.6501650137786055e-09,1.0,1.6501650137786055e-09
f52c095b-2cbe-4835-850e-d75395192ab9,0.6,0.03496549651026726,0.9998975992202759,1229,1365,1000,365,229,38406,0.7710100232185776,0.6273525723793271,0.7326007327966294,0.8136696502736617
e6c1bf4d-4a21-4d05-ae49-74109e902b47,0.6,0.035690806806087494,0.9986721277236938,2551,1393,865,528,1686,36921,0.4386409737731641,0.2809353688597157,0.620961952892346,0.33908271292078296
586d4211-f3b4-4e9d-9629-626044ef2d52,0.6,0.028669210150837898,0.9998340606689453,1026,1122,907,215,119,38759,0.8445065177632652,0.730862208113729,0.8083778967839769,0.8840155946549555
1a1615d5-4324-41de-9584-8598f3a9b7bb,0.6,0.013705277815461159,0.9979416728019714,375,526,346,180,29,39445,0.768035516350682,0.6234234241019397,0.6577946774566641,0.9226666668728889
77d9defa-eacc-41fb-9658-da02cc49d40e,0.6,0.009566757827997208,0.9975141286849976,1786,337,194,143,1592,38071,0.18276024532135646,0.10057024411582673,0.5756676570454966,0.10862262087983054
ab7ffc23-a335-4e68-b642-cf0219f60e1e,0.6,0.07094675302505493,0.995416522026062,3611,2763,2329,434,1282,35955,0.7307812990695354,0.5757725588193393,0.8429243576391877,0.644973691596518
f180350e-4d24-47c9-a6e2-bcab1939c758,0.6,0.026830041781067848,0.9976634979248047,720,1030,637,393,83,38887,0.7280000001554285,0.5723270444094096,0.6184466023121877,0.8847222223823302
478d4e6d-83f7-457b-803c-e4d964f9e90c,0.6,0.015497752465307713,0.9987022876739502,969,588,513,75,456,38956,0.6589595377912912,0.4913793108320121,0.8724489798087602,0.5294117651915256
13b81154-4827-4106-b908-68697aa358cf,0.6,0.04890133813023567,0.9997003078460693,1975,1940,1742,198,233,37827,0.8899106002835477,0.8016566959035175,0.8979381443825061,0.8820253165154303
11fdbc2d-548a-4013-80f0-4f636700ca0a,0.6,0.019517309963703156,0.9996646642684937,1657,756,489,267,1168,38076,0.4053046003293392,0.2541580045456559,0.646825397292559,0.2951116479812241
bb5ab0ac-e3e1-4d09-a77b-1f370bddd9ac,0.6,0.019263381138443947,0.9919872283935547,943,743,357,386,586,38671,0.4234875448259267,0.268623025381021,0.48048452290648114,0.3785790038403192
a9a1f17f-42d9-4f56-a126-8f6d0777e0cb,0.6,0.03391392156481743,0.9998307228088379,1742,1317,1295,22,447,38236,0.8466819222469166,0.7341269842777058,0.9832953682738835,0.7433983927994269
226ee4ba-987d-4b76-8206-daffbf039293,0.6,0.015164799056947231,0.9997186064720154,731,592,501,91,230,39178,0.7573696146958657,0.6094890515699647,0.8462837840434395,0.6853625175302839
0e646b0e-fa43-45d4-a8b0-b9a41a8bdd6f,0.6,0.030318550765514374,0.9953930377960205,2286,1148,1102,46,1184,37668,0.6418171229930643,0.4725557463668287,0.9599303136237541,0.48206474213383
fdcd5588-7ca8-4487-b84b-6c1aedf795f5,0.6,0.04630890488624573,0.9980582594871521,610,1818,586,1232,24,38158,0.4827018124041591,0.3181324650824471,0.3223322335960769,0.9606557377694168
4e33d317-4e93-45e8-80e9-18a3dbff2a80,0.6,0.06303469091653824,0.997808039188385,4263,2413,2410,3,1853,35734,0.721989215140505,0.5649320207302081,0.9987567343560892,0.5653295802098687
d5f7daf6-6ce6-418f-8594-83dedcd037b4,0.6,0.03284269943833351,0.9999051094055176,432,1284,427,857,5,38711,0.4976689979617313,0.33126454667861555,0.3325545176537737,0.9884259259527177
06d104a0-97b6-4bfc-bada-d3c44a624eda,0.6,0.02022559568285942,0.9932477474212646,324,771,0,771,324,38905,9.13242008298409e-10,9.13242008298409e-10,1.297016859536943e-09,3.086419743560433e-09
b8b5cca5-342b-464f-b74b-03a150b00f4e,0.6,0.0357830673456192,0.9997473359107971,498,1391,467,924,31,38578,0.4944415037086069,0.32841068964246783,0.33572969134742653,0.9377510041410623
0b4c4eb7-fc15-4dea-9832-caebac5133de,0.6,0.05083443224430084,0.999725878238678,1946,2003,1555,448,391,37606,0.787541149711942,0.6495405181079614,0.7763354968665325,0.799075025796981
af6ac2d3-b48e-4f3c-85db-6447dd0682cb,0.6,0.02271965704858303,0.9963847398757935,432,886,345,541,87,39027,0.5235204859457355,0.35457348473322353,0.3893905198765344,0.7986111115772891
75078b0f-b7ad-4f52-924e-094f0639bbb8,0.6,0.04601005092263222,0.9998735189437866,1589,1807,1539,268,50,38143,0.906360424055842,0.8287560582505352,0.8516878805469353,0.9685336689940002
56901d4a-4975-4345-8228-4f98f5516ce0,0.6,0.009941980242729187,0.9966417551040649,394,368,288,80,106,39526,0.7559055121313576,0.6075949375367196,0.7826086962429112,0.7309644676879075
987b9c52-4ac4-4084-9f3b-b3d756b0cb11,0.6,0.02192157506942749,0.9998624324798584,1060,860,717,143,343,38797,0.7468750001318359,0.5960099753981629,0.8337209304259059,0.6764150946448914
1660d7a8-57ec-4d52-9550-d33dbc2e7544,0.6,0.0045601301826536655,0.9418203234672546,410,165,165,0,245,39590,0.5739130442192817,0.4024390258477097,1.0,0.4024390258477097
c65582f5-14a3-4d6c-82cf-4d086a4fac55,0.6,0.003934499341994524,0.8181799650192261,785,41,0,41,785,39174,1.2106537515609518e-09,1.2106537515609518e-09,2.4390243307555043e-08,1.2738853486956873e-09
0991e0e1-654c-41cf-ae94-795df3c95968,0.6,0.03749503567814827,0.9995949864387512,1477,1453,1200,253,277,38270,0.8191126280480844,0.6936416186741956,0.8258774949581023,0.8124576846225744
b604fde8-aad9-47fb-a235-e10bef767590,0.6,0.0265569519251585,0.9995724558830261,429,1030,407,623,22,38948,0.557916381385938,0.3868821298603782,0.3951456316551984,0.9487179488374873
609c3d8b-bb87-4f91-b95b-6ab447109ba7,0.6,0.062480513006448746,0.9986276626586914,1674,2410,1480,930,194,37396,0.7247796278832567,0.5683563749737496,0.6141078839775487,0.8841099164372104
c946ab3c-df40-4154-96dd-c065a6d752e2,0.6,0.010758748278021812,0.9977794289588928,408,384,324,60,84,39532,0.8181818184113866,0.6923076929651545,0.8437500004069011,0.7941176475634372
2e14f679-0bfe-4b9b-8c0c-0da282dc4d6f,0.6,0.049163784831762314,0.9985225796699524,1545,1921,1418,503,127,37952,0.818234275874716,0.6923828126502038,0.7381572099228749,0.9177993528040134
76233d84-92bd-4881-b106-92731c44737f,0.6,0.016305334866046906,0.9984738230705261,1613,609,516,93,1097,38294,0.4644464448854877,0.3024618995882404,0.8472906406448429,0.31990080637327906
2e79022d-9a3f-4624-ac89-85c9a1cfb8bc,0.6,0.01207059621810913,0.9976867437362671,855,465,174,291,681,38854,0.2636363641942149,0.15183246147309556,0.3741935497329171,0.20350877286139324
d09606ea-adf2-4415-8c21-7869708bbf05,0.6,0.03943856060504913,0.9999393224716187,1984,1525,1399,126,585,37890,0.7973781704766663,0.6630331755151503,0.9173770492345069,0.7051411291808765
54575777-bea6-434b-a1c7-4d3506473a1f,0.6,0.02964034117758274,0.9997629523277283,1050,1145,1000,145,50,38805,0.9111617312477625,0.8368200838185605,0.8733624455254475,0.9523809524263037
7f23d306-3949-4f75-9985-482d798790bc,0.6,0.000540682056453079,0.6436285376548767,126,4,4,0,122,39874,0.06153846875739639,0.03174603943058699,1.0,0.03174603943058699
53495d11-a6cd-43e7-b22f-35377160b553,0.6,3.427497301975195e-35,1.2350988733355344e-30,1503,0,0,0,1503,38497,6.6533599423464e-10,6.6533599423464e-10,1.0,6.6533599423464e-10
37e7e168-19aa-4b9d-935d-104dfb545031,0.6,0.023243265226483345,0.9988617897033691,1231,913,812,101,419,38668,0.757462686680288,0.6096096099026954,0.8893756846775732,0.6596263203414895
916b6aab-347e-47de-89e0-db853afd45f9,0.6,0.02735915593802929,0.9955014586448669,1044,1058,399,659,645,38297,0.3796384398764803,0.23429242558174254,0.3771266546529993,0.3821839086377548
fd44d78e-1afe-459f-b3d5-ad9ba4838ebb,0.6,0.00960433017462492,0.9902819395065308,737,343,280,63,457,39200,0.5185185189643347,0.3500000008125,0.816326531147736,0.3799185897151715
cf59673b-7409-4971-9f53-ff6cb9458cfc,0.6,0.009578983299434185,0.9877024292945862,542,371,294,77,248,39381,0.6440306685169435,0.47495961312607493,0.7924528307481056,0.5424354251984587
933d1b74-4bf9-4f18-8f6a-b3cd1e18d59d,0.6,0.04488145932555199,0.9996974468231201,2115,1740,1603,137,512,37748,0.8316472114574196,0.7118117230409363,0.9212643678613424,0.7579196218638679
51be705d-3aa1-4fe5-a558-23d2633d3924,0.6,0.017645496875047684,0.9999414682388306,664,691,578,113,86,39223,0.8531365314736999,0.743886744216362,0.8364688859095964,0.8704819279059007
f2312890-50fc-4a53-8148-2ef668234f91,0.6,0.06716310977935791,0.9967231154441833,1361,2654,1101,1553,260,37086,0.5484433375969008,0.37783116013114926,0.41484551642243955,0.808963997201349
f5532d9c-1475-4eb2-91ca-b2ec7155ea02,0.6,0.025768950581550598,0.999733030796051,1119,999,829,170,290,38711,0.7828139755510795,0.6431342128447368,0.8298298300001703,0.7408400359778015
0428ae40-7736-466e-a510-fc4c770d23d2,0.6,0.0382530651986599,0.9891653656959534,573,1426,27,1399,546,38028,0.0270135072401133,0.013691684070136063,0.018934082034408075,0.047120420511133645
c662bc9d-a56c-45c6-81ab-f2cb69c54688,0.6,0.014300893992185593,0.9997046589851379,386,557,381,176,5,39438,0.808059385145218,0.6779359436335659,0.6840215445529236,0.9870466321579103
07cb5399-3523-4a84-9452-d0aef1cc5012,0.6,0.009657599963247776,0.9977357387542725,496,369,348,21,148,39483,0.8046242776825153,0.6731141205549049,0.9430894310485382,0.7016129038273934
a488a771-24e6-4362-882b-52d4837363cd,0.6,0.024194277822971344,0.9989191293716431,723,937,605,332,118,38945,0.7289156628139063,0.5734597160441139,0.6456776951486898,0.8367911482202058
67cb345f-ceeb-4e21-8022-d63bc9a6ec8b,0.6,0.00011022081162082031,0.003269176697358489,111,0,0,0,111,39889,9.009008927846767e-09,9.009008927846767e-09,1.0,9.009008927846767e-09
891662f7-288b-4307-874b-90e8308aaf79,0.6,0.00022018534946255386,0.05282782390713692,997,0,0,0,997,39003,1.0030090260752166e-09,1.0030090260752166e-09,1.0,1.0030090260752166e-09
599259a3-ef59-4fd3-8ea4-5cdeaa72efd5,0.6,0.03369685262441635,0.9997789263725281,835,1284,780,504,55,38661,0.7361963191428994,0.5825242721564419,0.6074766358197222,0.9341317366058303
69977857-c5b7-47a6-a044-1c7fed1f1fe7,0.6,0.02093392424285412,0.9999147653579712,401,805,371,434,30,39165,0.6152570484118929,0.44431137791100433,0.4608695658871185,0.9251870326055186
a4f71085-a06e-4ca9-accd-08388716099e,0.6,0.0071942624635994434,0.9961286783218384,284,279,168,111,116,39605,0.5968028426344532,0.42531645715109756,0.6021505390603923,0.5915492972128545
340f840f-d922-42fe-9f41-b1874f397389,0.6,0.04944046959280968,0.9992314577102661,1097,1956,800,1156,297,37747,0.5240746807978793,0.35508211302481935,0.4089979553123732,0.7292616228539092
b76a38da-40a1-40a1-9d8c-e150da8bec0f,0.6,0.03851674869656563,0.9996986389160156,1511,1508,1316,192,195,38297,0.8718118582736628,0.7727539637270969,0.8726790451772686,0.8709463932025504
ff0fea67-6bb0-42dd-a10a-17b554906326,0.6,0.00474784430116415,0.98223876953125,975,166,1,165,974,38860,0.0017528492535031995,0.0008771938588796543,0.006024102373348781,0.0010256420502301107
7e56ad41-f21e-4b95-9933-aa23539c7540,0.6,0.016252009198069572,0.9997114539146423,955,640,553,87,402,38958,0.6934169280919016,0.5307101731950957,0.8640625002124024,0.579057592063814
64d89408-74bc-44c6-8be6-c08c976d76bf,0.6,0.034910328686237335,0.9998331069946289,744,1351,641,710,103,38546,0.6119331744095785,0.44085282019198563,0.4744633608627214,0.8615591399710226
e2f5612e-12dc-4269-bb3f-534cc3f2b1da,0.6,0.019524887204170227,0.9998892545700073,798,770,568,202,230,39000,0.7244897960940754,0.568000000432,0.7376623380030359,0.7117794489827325
e7a2ae23-9f0f-484a-9ccc-af1dfd163f48,0.6,0.021414583548903465,0.9968926906585693,1795,838,759,79,1036,38126,0.5765286746765939,0.40501600885538097,0.9057279237401815,0.42284122594827783
fa64a4cd-2f1f-4022-8fd0-73ee57ce29b4,0.6,0.00040486908983439207,0.0857258141040802,517,0,0,0,517,39483,1.9342359730478993e-09,1.9342359730478993e-09,1.0,1.9342359730478993e-09
a6955c7f-e7e0-4896-a0e7-d4aa85020c5c,0.6,0.011498507112264633,0.999836802482605,583,447,425,22,158,39395,0.8252427186162691,0.7024793393347449,0.9507829978729687,0.7289879936037942
ac20d346-a807-4145-8f9e-2966a9c43ced,0.6,0.032109107822179794,0.9993676543235779,1399,1256,1065,191,334,38410,0.8022598870801281,0.6698113209623828,0.8479299364268074,0.7612580416288363
3db7a3d2-e290-4dc1-8aec-ddfb96355f0b,0.6,0.05184314027428627,0.9996802806854248,4735,2053,1949,104,2786,35161,0.5742486741935402,0.40276916730672263,0.9493424257431358,0.4116156284241572
991a4b55-eef1-4d55-bebb-425ac1280f6b,0.6,0.02716812491416931,0.9994334578514099,1049,1058,857,201,192,38750,0.8134788800125873,0.6856000002515199,0.8100189037712486,0.8169685416425466
47ab41ef-ccc3-43a8-832f-ddf6bd783dd8,0.6,0.03043581172823906,0.9998992681503296,2574,1171,825,346,1749,37080,0.44058745008262024,0.28253424682104994,0.7045260463667582,0.32051282077680154
1cfb5590-b5be-469e-907b-cd89331a0f5e,0.6,0.06220928207039833,0.9985246062278748,3624,2452,2301,151,1323,36225,0.7574061883216909,0.6095364239444937,0.9384176182959145,0.6349337749351728
15a72403-7967-44cd-acc7-f8a265f1f07b,0.6,0.00946743879467249,0.9963632225990295,266,368,202,166,64,39568,0.6372239753356088,0.46759259382501717,0.5489130447040407,0.7593984971451184
b16dd610-f395-436b-b144-4e364fe01434,0.6,0.009802033193409443,0.9992890357971191,2628,359,253,106,2375,37266,0.16940073680301282,0.09253840559892523,0.7047353768670324,0.09627092880659402
5e9b0195-78ce-42b1-b53e-bedcf9761f3d,0.6,0.04026457667350769,0.9996591806411743,1293,1586,1177,409,116,38298,0.8176450156937669,0.6915393656336432,0.7421185373631031,0.9102861562952157
1f21a753-0eb6-4153-a79e-168cf06827fb,0.6,0.012127094902098179,0.9961338043212891,493,469,421,48,72,39459,0.8752598753895428,0.7781885401512226,0.8976545844399689,0.8539553755497863
94e58b06-3433-44c4-98fd-ba5d8e2e944d,0.6,0.0035301006864756346,0.9872804284095764,202,110,107,3,95,39795,0.6858974369041749,0.5219512218441403,0.9727272729752066,0.5297029726252328
d6a933a1-6d72-4cdb-84b3-dd13b5189495,0.6,0.03934745490550995,0.9998993873596191,1852,1551,1363,188,489,37960,0.801057890155434,0.6681372550646386,0.8787878788660297,0.7359611232527208
37a57502-f59e-4b52-bf24-53e9b457b802,0.6,0.06519560515880585,0.9997273087501526,2615,2584,2393,191,222,37194,0.9205616464857547,0.8528153956333516,0.9260835913598747,0.9151051625563651
3c04bbc4-3de5-4912-9ed1-1f2ecffad5cd,0.6,0.05431215092539787,0.9976244568824768,1455,2139,1303,836,152,37709,0.7250973846062612,0.5687472721218912,0.6091631605380258,0.8955326461199088
280fff6f-830d-42ba-9f10-13124c439912,0.6,0.015019651502370834,0.999907374382019,408,582,388,194,20,39398,0.7838383840567289,0.6445182730157504,0.6666666672394044,0.9509803922770088
21aa657b-3b5b-4ba9-b083-28856a19e269,0.6,0.0378878191113472,0.9971914887428284,679,1495,424,1071,255,38250,0.3900643977046622,0.24228571471869387,0.2836120406129685,0.6244477177843185
7da8fe98-5e6c-4c83-a47b-4a72ac439296,0.6,0.057793792337179184,0.9995225667953491,2665,2257,2165,92,500,37243,0.8797236895815271,0.7852738484638108,0.9592379264691014,0.812382739282408
63ca86aa-039c-4ed1-9be1-bdbd8184502b,0.6,0.011711684986948967,0.9924032688140869,639,462,0,462,639,38899,9.082652126173793e-10,9.082652126173793e-10,2.164502159817095e-09,1.5649452244680044e-09
facc75d3-69fc-460b-87dd-241c717ca120,0.6,0.05200618878006935,0.998439610004425,2717,2018,1710,308,1007,36975,0.7222808870702679,0.5652892563420532,0.847373637340251,0.6293706295070407
0a69f847-748b-4116-a815-d28ce4067384,0.6,0.008040495216846466,0.9934934973716736,646,318,241,77,405,39277,0.5000000005186722,0.3333333342554172,0.7578616359815672,0.3730650164503638
22286974-d37b-4b37-b945-49351b1e40f1,0.6,0.013669601641595364,0.9999397993087769,1292,535,416,119,876,38589,0.45539135224116506,0.2948263647804207,0.7775700938737008,0.32198142467338897
23aed2b3-0f66-4d71-92f2-97fde0a9a1a1,0.6,0.04317031800746918,0.9993557333946228,510,1669,499,1170,11,38320,0.4580082609187663,0.2970238099422477,0.2989814264236181,0.9784313725913111
029c3bd4-3fac-4cb3-8976-eda0fb7125ef,0.6,0.0794554352760315,0.9995237588882446,2370,3155,2352,803,18,36827,0.8514027149590221,0.7412543335199324,0.7454833598271051,0.9924050632943439
6f4a2df3-5ea3-4fec-b7ac-b72b49d9f24e,0.6,0.03715051710605621,0.999646782875061,1446,1443,1235,208,211,38346,0.8549671166995614,0.7466747280854446,0.8558558559557479,0.854080221401051
8d43fbee-928b-4fa3-b2af-6b932177d0e3,0.6,0.11690997332334518,0.9998562335968018,7535,4592,4553,39,2982,32426,0.7508864517398461,0.6011354634801775,0.9915069686429645,0.6042468480949905
86d78fd9-1c96-45ea-853f-f2849411105d,0.6,0.053525011986494064,0.9996465444564819,1610,2100,1515,585,95,37805,0.8167115903458998,0.6902050115306584,0.7214285715612245,0.9409937888565256
5b820e47-5e76-46b1-9f85-8f1d542ddd71,0.6,0.05474388599395752,0.999620795249939,366,2180,364,1816,2,37818,0.2859387276960178,0.16681943209586644,0.16697247744634292,0.9945355191406133
df42ef5e-80c0-4f3b-9cb4-4fadc13d6e12,0.6,0.0020721566397696733,0.8261067271232605,1508,44,38,6,1470,38486,0.04896907277772611,0.02509907594114988,0.8636363667355371,0.025198939638462238
0239e96f-853c-47fa-b8b3-b9cac712534b,0.6,0.0595497265458107,0.9994669556617737,1914,2308,1796,512,118,37574,0.8507816201206106,0.7403132729842073,0.7781629117079017,0.9383490073467351
e8133a71-47f2-4940-a73e-defc4b96d748,0.6,0.020837338641285896,0.9996722936630249,1378,805,774,31,604,38591,0.7091158956898234,0.5493257632723024,0.9614906832776513,0.56168359973753
2dd2956c-0a2e-41be-97dd-7d55f2ebac28,0.6,0.08007922768592834,0.9985761642456055,2491,2978,2392,586,99,36923,0.8747485829448256,0.7773805655582123,0.8032236400929403,0.9602569249457018
e57557e3-ec88-4bd3-9189-b9af1648454d,0.6,0.03041895478963852,0.9999020099639893,974,1184,950,234,24,38792,0.8804448564038718,0.7864238412364041,0.8023648650317864,0.9753593429411095
86fd8eee-b094-47e6-8387-d9eff8c9c075,0.6,0.023208534345030785,0.9974017143249512,469,896,464,432,5,39099,0.6798534800880194,0.5149833523696078,0.5178571433952487,0.9893390192124968
5171256d-8578-4355-b9a4-24f924b2c556,0.6,0.008745351806282997,0.9991200566291809,395,334,284,50,111,39555,0.7791495201932105,0.6382022480040399,0.8502994016458102,0.7189873424835763
c63b3179-5c8b-42bf-8447-08bc6d802bd1,0.6,0.04876268655061722,0.9993081092834473,2274,1919,1844,75,430,37651,0.8795611734129355,0.7850149000489507,0.9609171443663798,0.8109058927832429
0492b1ba-a8aa-46d2-ab45-ad2afab63335,0.6,0.03224371373653412,0.9974913597106934,1000,1259,377,882,623,38118,0.33377600737769986,0.20031881020174344,0.2994440037335631,0.377000000623
01ffb8d0-17c1-4c41-8e8e-a06b2cab662a,0.6,0.02432534657418728,0.9998388290405273,999,941,698,243,301,38758,0.7195876290105219,0.5619967797407432,0.7417640810395706,0.6986986990003016
e437a93f-c599-4188-a489-fc7a48e1e631,0.6,0.005297423340380192,0.9836380481719971,275,194,0,194,275,39531,2.1321961575006477e-09,2.1321961575006477e-09,5.154639148687427e-09,3.636363623140496e-09
72112cad-fe9d-469f-8677-4e96f8b10e96,0.6,0.01393074169754982,0.9994474053382874,533,547,433,114,100,39353,0.8018518520353223,0.6692426589347099,0.7915904939824671,0.8123827395640099
660ef95f-261b-43d2-ba77-b257d89cd146,0.6,0.0037313494831323624,0.9677557945251465,512,119,0,119,512,39369,1.5847860513711789e-09,1.5847860513711789e-09,8.403361273921333e-09,1.9531249961853027e-09
a03535e3-65dd-410e-af56-0949b19babb1,0.6,0.03172484040260315,0.9982326030731201,391,1226,379,847,12,38762,0.4687693262407116,0.30613893432460504,0.3091354002372468,0.9693094629940935
681256b9-41d5-4d9d-9063-d5fa17773661,0.6,0.012036480940878391,0.9993785619735718,998,470,371,99,627,38903,0.5054495916175411,0.3381950780873335,0.7893617025758262,0.37174348760346343
8472feed-85b9-45bd-bcf2-5b93af4ab9f7,0.6,0.023622149601578712,0.9996460676193237,511,925,408,517,103,38972,0.5682451256488543,0.39688716011975955,0.44108108168531773,0.7984344426645118
d32d208e-5921-4543-b191-6f278884bc2d,0.6,0.08170173317193985,0.9995412826538086,8836,3152,2659,493,6177,30671,0.44361027699002253,0.2850251903435496,0.8435913706079976,0.3009280218084056
cf9961eb-10bd-4eac-8b4e-7128e0c1b170,0.6,0.009946521371603012,0.9998167157173157,1036,387,261,126,775,38838,0.3668306399389805,0.2246127373282162,0.6744186054924584,0.2519305026525767
92010314-21bc-4330-94cb-6a4a058f3f81,0.6,0.06855428218841553,0.9993358254432678,4068,2699,2594,105,1474,35827,0.7666617408354276,0.6216151450703055,0.9610967024968149,0.6376597837665536
2d177b6a-d51e-41f9-abf6-40a437b0ae92,0.6,0.025901077315211296,0.999873161315918,1275,1009,869,140,406,38585,0.7609457093866263,0.6141342758910712,0.8612487612871668,0.6815686277007305
a571f902-ec63-49b6-90dc-8a68e19045f1,0.6,0.0181106086820364,0.9976389408111572,451,711,373,338,78,39211,0.6419965579673007,0.47275031752503127,0.5246132214843696,0.827050998166184
1a6552e7-13ed-44bc-acd5-cd88ce1bdec9,0.6,0.01656082645058632,0.9989866614341736,860,643,586,57,274,39083,0.7797737859083341,0.6390403493576441,0.9113530327972736,0.6813953492076799
ea35fc33-3b7a-434e-bed8-c22680100bbb,0.6,0.09901098906993866,0.9980717897415161,4122,3945,3545,400,577,35478,0.8788893021099679,0.783945157057951,0.8986058301904675,0.8600194080883018
4a361b5a-602e-4863-878e-55e0dc1b556f,0.6,0.017470089718699455,0.9914864301681519,1142,656,319,337,823,38521,0.35483871003624096,0.21568627504010393,0.48628048858798706,0.2793345015067123
a6991827-a723-4966-8d34-7f4ae559a965,0.6,0.021181823685765266,0.9991558790206909,456,831,298,533,158,39011,0.4630924635096406,0.3013144597560016,0.35860409222791323,0.6535087726896738
e981849f-23e4-4d8e-9618-a7a7298c47ac,0.6,0.013614155352115631,0.9993430972099304,967,522,490,32,477,39001,0.6581598390475756,0.49049049100051,0.9386973181251009,0.5067218205721594
3314987e-9929-4c5a-bf7a-b7a748041270,0.6,0.009118538349866867,0.9994396567344666,317,348,145,203,172,39480,0.4360902264118944,0.27884615523298817,0.4166666683429119,0.45741325092298657
643ee2b0-3a87-42a5-854b-142993e6ea58,0.6,0.016956361010670662,0.9955390095710754,370,666,288,378,82,39252,0.5559845564131423,0.3850267387900712,0.432432433284636,0.7783783789773557
2402f7b6-7d46-4de7-8f0a-fef3fa17fc11,0.6,0.006671893410384655,0.9931344985961914,582,246,194,52,388,39366,0.4685990344582137,0.3059936919463822,0.7886178870381386,0.3333333344788087
81c1e43b-e313-46fe-849c-142e8472a93c,0.6,0.01850803755223751,0.9996635913848877,1073,692,458,234,615,38693,0.5189801702442038,0.35042081151459764,0.6618497114713154,0.4268406342713507
11a0d334-13ae-45e1-a7ae-29906c5a8c29,0.6,0.0238008052110672,0.9991267323493958,688,938,379,559,309,38753,0.4661746620749233,0.30392943119171656,0.40405117334322904,0.550872093676058
c070c029-1a4f-4739-951a-7088924e5a28,0.6,0.027665598317980766,0.9998892545700073,1250,1075,978,97,272,38653,0.8412903226489075,0.7260579066621693,0.9097674419444023,0.78240000017408
497f0f4b-4a1e-4e7c-8b6b-9c839f47abb5,0.6,0.03617940470576286,0.9996045231819153,1638,1421,1256,165,382,38197,0.8211833933242291,0.696616750029608,0.8838845883997998,0.7667887669311424
42885ec3-1add-4bf7-8af9-ff7c98ab2731,0.6,0.0012036532862111926,0.7457048296928406,593,5,0,5,593,39402,1.672240799879196e-09,1.672240799879196e-09,1.99999960000008e-07,1.6863406379656987e-09
a7e117eb-9972-4ee0-ab75-3fb22431f049,0.6,0.009724323637783527,0.9514199495315552,706,343,260,83,446,39211,0.49571020067139154,0.3295310528142826,0.7580174934168586,0.36827195556901987
bc89ef51-8fbb-49a6-b54a-0411df0b55ed,0.6,0.026631055399775505,0.9988473653793335,802,1012,108,904,694,38294,0.11907387038639808,0.06330597944706566,0.10671936847162118,0.13466334272485866
0531a363-b690-4735-94ab-aaec3aa00600,0.6,0.04476466029882431,0.9998518228530884,1984,1755,1659,96,325,37920,0.8874030489736819,0.7975961539434635,0.9452991453303139,0.836189516211598
4c0fbc96-cfa1-4473-85ac-aca783b99f6d,0.6,0.05185501277446747,0.9993036985397339,3340,1964,1002,962,2338,35698,0.3778280544159449,0.23291492346980125,0.5101832996383995,0.30000000020958084
532dd3f2-af5f-4cbd-8336-57bb733c71cb,0.6,0.007418512832373381,0.9970102310180664,683,284,168,116,515,39201,0.34746639157449183,0.21026282952407654,0.5915492972128545,0.24597364678481165
e802a764-418c-4366-8f7b-075a5ce21fdf,0.6,0.024968117475509644,0.9998853206634521,770,978,699,279,71,38951,0.7997711671626023,0.6663489040358923,0.7147239266720614,0.9077922079119581
4c7938f8-82ce-4146-a02d-225424cd6b65,0.6,0.03541440889239311,0.9871325492858887,117,1284,117,1167,0,38716,0.16702355519841286,0.09112149603495209,0.09112149603495209,1.0
bff12c1a-a64a-4e2a-a85d-976b8863155c,0.6,0.04676389694213867,0.9982314705848694,1152,1814,818,996,334,37852,0.5515846259097827,0.38081936714114556,0.4509371557602331,0.7100694446961202
0b7ba560-baa5-4c28-b8d6-84c7fbda92ce,0.6,0.0147261843085289,0.9997838139533997,1159,565,407,158,752,38683,0.4721577729279827,0.30903568769245576,0.7203539827958336,0.3511647977988224
5cff1fc8-b5e2-45f9-9e85-182fe4719e6c,0.6,0.11469817161560059,0.9963597655296326,4979,4516,3089,1427,1890,33594,0.6506582412163604,0.48220418365872547,0.6840124004242665,0.6204057040328568
a61cd7db-f827-477a-b6cb-e3dadfbfb6db,0.6,0.01395433209836483,0.9956204295158386,1557,397,0,397,1557,38046,5.117707264525226e-10,5.117707264525226e-10,2.5188916813126155e-09,6.422607574551954e-10
aff5c202-bef6-4f4d-a343-db514d362fe7,0.6,0.019047774374485016,0.9998701810836792,646,742,614,128,32,39226,0.884726224866912,0.793281654013848,0.8274932616880145,0.9504643963615103
1f74ef25-24aa-435d-b707-003a81d62a21,0.6,0.008966055698692799,0.9963070154190063,1964,348,0,348,1964,37688,4.3252595137001474e-10,4.3252595137001474e-10,2.873563210133439e-09,5.091649691908528e-10
1017caf2-e6a8-482b-b176-fbf2beaa7c71,0.6,0.010165438987314701,0.9998385906219482,749,390,380,10,369,39241,0.6672519757091729,0.5006587621862203,0.9743589744247205,0.5073431248233069
4b36bee7-9504-4fdf-9faa-985d0541a550,0.6,0.016669226810336113,0.9944955706596375,830,640,558,82,272,39088,0.7591836736332084,0.6118421056887696,0.8718750002001953,0.6722891570213384
a561a782-5a2d-482a-b297-66d3b2240eab,0.6,0.011691718362271786,0.9995718598365784,928,451,383,68,545,39004,0.5554749821932741,0.38453815322837537,0.8492239471192373,0.41271551787422894
44c4379a-9961-4103-b177-cc9b535aa513,0.6,0.017725342884659767,0.999441921710968,1298,678,652,26,646,38676,0.6599190285121868,0.4924471302927136,0.9616519174606903,0.5023112484573873
046a5795-be62-4e21-ab46-10700026e8af,0.6,0.014525690115988255,0.9997689127922058,1250,559,516,43,734,38707,0.5704809289273185,0.39907192621881515,0.9230769232145315,0.41280000046975995
d50e3f63-c7b9-4cf3-ad40-b63ae65b6582,0.6,0.01878812350332737,0.9983435869216919,602,715,551,164,51,39234,0.8367501899493165,0.7193211491914867,0.7706293709501687,0.915282392167305
998c7e5e-76e2-4afe-b1fa-332efe35c866,0.6,0.008363270200788975,0.9989787340164185,793,316,278,38,515,39169,0.5013525703324142,0.33453670356854787,0.8797468358235859,0.3505674661405202
2addea9b-705e-48df-a6b9-1563dd358cf2,0.6,0.026250772178173065,0.9995961785316467,985,1029,940,89,45,38926,0.9334657398542872,0.8752327747902859,0.91350826053109,0.9543147208585637
9aad4908-283f-4d96-90d8-4dbd2a95fd20,0.6,0.02163791097700596,0.9950236082077026,1035,830,440,390,595,38575,0.471849866234933,0.3087719303096337,0.5301204824938307,0.4251207735022987
45e4fc20-478d-481d-81d7-56491ea74b17,0.6,0.010368346236646175,0.9999297857284546,269,396,185,211,84,39520,0.5563909781106903,0.3854166679470486,0.46717171851724315,0.6877323431682812
e77e8be7-2bcd-4733-b99d-1bb80796ccfc,0.6,0.07800024002790451,0.9995813965797424,1729,3055,1725,1330,4,36941,0.7211538462121333,0.56390977457865,0.564648117982112,0.9976865240036515
c174d1a9-7c9a-4bea-9a56-7b7314795c2e,0.6,0.013738001696765423,0.9997085928916931,353,538,312,226,41,39421,0.7003367006730228,0.538860104423385,0.5799256513384281,0.8838526915471595
80605426-a03c-42da-91a5-c8cf078892b6,0.6,0.02021174132823944,0.9997223019599915,845,788,615,173,230,38982,0.7532149419759859,0.6041257371275779,0.7804568530704862,0.7278106512096916
723fb882-a81f-4ab9-8093-716b47be339a,0.6,0.01979384757578373,0.9999557733535767,1659,772,676,96,983,38245,0.5561497328029003,0.385185185535507,0.8756476685548605,0.4074743825150847
95c710dc-ee49-4694-9422-6c04f963e406,0.6,0.01627035066485405,0.9976868629455566,1433,601,460,141,973,38426,0.4523107180667105,0.2922490474636283,0.765391015365406,0.32100488533077115
361fd443-6b8e-48ee-b115-9e32cf1d1a62,0.6,0.012411143630743027,0.9998390674591064,394,482,369,113,25,39493,0.8424657536044912,0.7278106514244366,0.7655601664614934,0.936548223511299
85ca14c8-d38e-474c-8fce-6f1973aa87c9,0.6,0.037927478551864624,0.9972869157791138,2247,1440,894,546,1353,37207,0.4849471116124364,0.32008592935192054,0.6208333335966435,0.3978638186925395
63469f68-509c-45de-9a32-d7a9b525b5df,0.6,0.03358713537454605,0.9967495203018188,723,1255,721,534,2,38743,0.7290192114615677,0.5735879080560159,0.5745019923709147,0.9972337482749187
82647f47-67ae-4be7-91b1-e158306dc130,0.6,0.024914072826504707,0.9998878240585327,595,976,506,470,89,38935,0.6441756845040256,0.47511737138486626,0.5184426234442187,0.8504201683186215
ddd64764-a336-4c26-b9e3-9b44cb62805a,0.6,0.0838463082909584,0.9991231560707092,3983,3316,3228,88,755,35929,0.8845047266907105,0.7929255711636144,0.9734620024205483,0.8104443886993612
07dc4337-9b82-4af3-811d-39e8a39a4b71,0.6,0.014146409928798676,0.9992040991783142,326,529,326,203,0,39471,0.762573099692897,0.6162570895722929,0.6162570895722929,1.0
473efe5e-d624-4f42-b7a0-79ea61ae29db,0.6,0.013955346308648586,0.9991034865379333,299,543,44,499,255,39202,0.1045130651965403,0.055137845795566603,0.08103130924303625,0.14715719348776857
7ff98516-0da0-455b-a797-d652d12a227e,0.6,0.009147814474999905,0.9993076324462891,2948,337,329,8,2619,37044,0.20030441424648268,0.11129905307466204,0.9762611276668809,0.11160108578303898
a161ca84-a5b9-4f6c-bd00-9cde5e535517,0.6,0.055790867656469345,0.9986611604690552,1235,2189,1170,1019,65,37746,0.6834112150457327,0.5190771963091939,0.5344906352058061,0.9473684210952482
ba82edf8-07db-49a8-9785-ef60368dd749,0.6,0.03600156679749489,0.9996517896652222,1812,1398,1255,143,557,38045,0.7819314642423889,0.6419437341984943,0.897711015809935,0.6926048566817854
218623fa-8d68-4da4-9584-0f6fb2d7f33f,0.6,0.0128672169521451,0.9992786049842834,677,497,330,167,347,39156,0.5621805795892839,0.3909952613850767,0.6639839040966119,0.48744460932430633
08fdf4c7-9855-4229-b7e0-1082fa8a8dd7,0.6,0.08285117149353027,0.9991433620452881,3541,3280,3081,199,460,36260,0.9033866002194126,0.8237967914909634,0.9393292683111801,0.8700931940496771
bc4b9c5e-d80c-4e0f-a49e-33848627748e,0.6,2.244458958966522e-12,3.736969844680971e-08,759,0,0,0,759,39241,1.3175230549176245e-09,1.3175230549176245e-09,1.0,1.3175230549176245e-09
21fcd303-d2cd-41fb-943c-4a1311067fff,0.6,0.021485162898898125,0.9983516931533813,3734,837,828,9,2906,36257,0.36228396426114984,0.22121293101223272,0.9892473118408037,0.22174611697328706
fb7d5115-fbdb-4ffa-9487-dd7a60745b06,0.6,0.09244091808795929,0.994182288646698,7416,3700,3675,25,3741,32559,0.6612090680405533,0.4938852305477912,0.9932432432450694,0.49555016188031953
bdd61e48-2f99-4993-a9ed-21910e2668ba,0.6,0.02343154512345791,0.9997783303260803,1872,917,714,203,1158,37925,0.5120114738214373,0.3440963858582668,0.7786259544398845,0.3814102567406996
4c843d68-eb45-46ef-801b-1cb8176f95fa,0.6,0.03742516413331032,0.999052107334137,2204,1429,1292,137,912,37659,0.7112579136495298,0.5519008972439553,0.9041287614386783,0.5862068967394707
1d9b5fde-271e-4e01-a778-174d90a107ea,0.6,0.017323993146419525,0.999755322933197,2016,657,508,149,1508,37835,0.38009726921807063,0.23464203268607758,0.7732115680773035,0.25198412735516657
f3758402-d1da-4faf-b97e-1a8966423efd,0.6,0.012287209741771221,0.999494194984436,1092,480,412,68,680,38840,0.5241730282925108,0.3551724143489893,0.8583333336284722,0.3772893778596251
f1057ace-9671-4698-9701-bb5873ff72df,0.6,0.04550613835453987,0.9998764991760254,602,1778,592,1186,10,38212,0.497478991807782,0.3310961972421162,0.33295838057763866,0.9833887043465304
9cebc57e-ce99-4559-8deb-c4640822dfcb,0.6,0.012659103609621525,0.995162308216095,481,489,390,99,91,39420,0.8041237115421405,0.672413793668252,0.797546012683955,0.8108108112041356
b19a1e1d-95ed-4782-a5eb-8fe6d51dd1e9,0.6,0.012585271149873734,0.9880073070526123,650,481,345,136,305,39214,0.6100795759415741,0.4389312984237515,0.7172557178435433,0.5307692314911242
462657dc-ac28-4ba8-98c6-2f5cd8469c48,0.6,0.0028709920588880777,0.9329513907432556,1054,78,78,0,976,38946,0.13780918804080458,0.07400379594496792,1.0,0.07400379594496792
ab5cc3ca-9a66-4fc5-bab9-cd56ae4d47d4,0.6,0.05648321658372879,0.9997193217277527,2579,2207,1883,324,696,37097,0.7868783953642126,0.6486393387362593,0.8531943815798848,0.7301279566769571
82fde954-7e1a-4f1b-afc4-5c03ce07dae0,0.6,0.028133368119597435,0.999096155166626,6316,1080,1035,45,5281,33639,0.27988101686318534,0.16271026581312525,0.9583333333719136,0.16386953781446018
81d3c1af-ff38-4303-bcc5-c72eebefcb74,0.6,0.04425354301929474,0.9997825026512146,1485,1696,1368,328,117,38187,0.8601068846714534,0.7545504689715662,0.8066037736989364,0.921212121265177
4aedc7d2-ce34-4f8e-9f40-50a75e53a932,0.6,0.008968271315097809,0.9886393547058105,533,342,335,7,198,39460,0.7657142859820408,0.6203703710733882,0.9795321638025375,0.6285178243367395
b4137320-7be5-4570-9e5e-9ea494e4208a,0.6,0.00316723994910717,0.9426586627960205,880,118,86,32,794,39088,0.17234469020807144,0.09429824660712911,0.728813561620224,0.09772727375258264
451d1b62-94e4-46f4-bd6c-d0f9881bcfd5,0.6,0.029367122799158096,0.9973032474517822,522,1083,461,622,61,38856,0.5744548289255733,0.4029720284939055,0.42566943728008355,0.8831417626759737
ada347bc-ba2a-4da3-a04c-2711ec090fd4,0.6,0.02504965290427208,0.9999427795410156,598,973,566,407,32,38995,0.7205601529468109,0.5631840800366328,0.5817060641503535,0.9464882944038657
8d3c9c2d-4355-45c5-a247-6ff7734bce02,0.6,0.02129388600587845,0.9969707727432251,1746,701,341,360,1405,37894,0.2787086230981984,0.16191832898294478,0.48644793225899013,0.19530355143453404
95c7f58d-4252-4ec5-b969-4d6d6390c2da,0.6,0.045160166919231415,0.9999054670333862,1225,1749,825,924,400,37851,0.5548083390871525,0.3838994884207076,0.47169811350960655,0.6734693880216576
f118bca8-fa6e-4911-8a2b-2bea0578dd5e,0.6,0.02086482010781765,0.9998378753662109,644,814,471,343,173,39013,0.6460905352221601,0.4772036479460956,0.5786240791417394,0.731366460044462
0b7963f1-5291-4749-9672-8c9c4e283274,0.6,0.014232435263693333,0.9993558526039124,1457,551,408,143,1049,38400,0.4063745022876621,0.255000000465625,0.7404718697995066,0.28002745416607583
c501864e-5ec8-4fe5-86a6-844a243542f9,0.6,0.09153248369693756,0.9970784187316895,5483,3591,2416,1175,3067,33342,0.5325104695247399,0.3628717333489228,0.672793093936844,0.4406346891408654
b6b5e867-19ed-47e8-9588-3c8ee60479ff,0.6,0.01719408668577671,0.9996798038482666,512,667,499,168,13,39320,0.8464800679843255,0.7338235298032006,0.7481259374091065,0.9746093750495911
3db1c59f-7229-4cab-944f-291cec3f8ca9,0.6,0.013803321868181229,0.9996598958969116,2463,531,522,9,1941,37528,0.34869739500711516,0.21116504886279733,0.9830508474895464,0.2119366629265381
c5a898d0-2eb1-417d-b232-7efa68a044f4,0.6,0.0232852715998888,0.9998000264167786,856,912,729,183,127,38961,0.8246606335833367,0.7016361889300902,0.7993421054831775,0.8516355141920146
b9af967e-a74a-4efa-b567-07a5f3be7ffd,0.6,0.014645947143435478,0.9979214072227478,799,573,533,40,266,39161,0.7769679301917144,0.635280095786317,0.9301919721986178,0.6670838552351892
d4667ef7-931b-40eb-a8d9-aec516f17cd8,0.6,0.02214980684220791,0.9964720010757446,273,860,0,860,273,38867,8.82612532318965e-10,8.82612532318965e-10,1.1627906963223363e-09,3.663003649586067e-09
e86b2340-48b2-44b5-81ac-4ba9763acc70,0.6,0.011199314147233963,0.9984887838363647,360,430,334,96,26,39544,0.845569620448646,0.7324561409375961,0.7767441865657112,0.9277777779783951
4ee10b33-67bf-4803-9a2d-2aa96eac2c97,0.6,0.01911730319261551,0.9997238516807556,608,741,598,143,10,39249,0.8865826539017179,0.7962716380875211,0.8070175441200843,0.9835526316059989
6bea6070-2dd7-4847-91ae-6d063eb8ac20,0.6,0.03765406087040901,0.9993624091148376,532,1487,502,985,30,38483,0.49727587939708967,0.33091628257685146,0.3375924685019553,0.9436090226623891
a30de530-d636-43a9-bfe1-dc7059516ca6,0.6,0.02656474895775318,0.9997147917747498,870,1025,691,334,179,38796,0.7292875990874472,0.5739202661346177,0.6741463417813206,0.7942528737997093
a2ca283c-1a35-4590-a604-4074f7e920fa,0.6,0.025733139365911484,0.9942817687988281,600,950,0,950,600,38450,6.451612899063475e-10,6.451612899063475e-10,1.052631577839335e-09,1.6666666638888887e-09
522bcfea-050d-4d8b-850f-c9a428570c2e,0.6,0.0013618109514936805,0.8219672441482544,420,31,31,0,389,39580,0.13747228572622552,0.07380952601473922,1.0,0.07380952601473922
3f92af0d-54bd-4b7b-8b85-087aaf2fdeba,0.6,0.017417799681425095,0.9997362494468689,934,674,634,40,300,39026,0.7885572140618425,0.6509240249990513,0.9406528190791501,0.6788008568749455
7804f4d4-c3b9-4661-a22e-834478ae4450,0.6,0.024725420400500298,0.9998698234558105,773,966,721,245,52,38982,0.829212191012529,0.7082514737639966,0.7463768118567528,0.9327296249253174
50792a95-3b0a-48f6-9ecb-0e2161486b5e,0.6,3.206942524036638e-12,5.185281537478659e-08,868,0,0,0,868,39132,1.1520737313916201e-09,1.1520737313916201e-09,1.0,1.1520737313916201e-09
2a939843-a380-4d72-88c2-7f8369ea4157,0.6,0.018098868429660797,0.9983348250389099,596,710,503,207,93,39197,0.7702909649538353,0.626400996729264,0.7084507046359849,0.8439597318054367
f7beb37f-a1b5-4bd2-9dc3-a6a8dc216d62,0.6,0.005507596768438816,0.9882147312164307,397,210,0,210,397,39393,1.6474464552760355e-09,1.6474464552760355e-09,4.761904739229025e-09,2.5188916813126155e-09
a204713f-aef5-450d-93ce-2476cf3e53fa,0.6,0.03286583721637726,0.9991249442100525,1742,1287,1269,18,473,38240,0.8379002971812809,0.7210227274312371,0.9860139860248531,0.7284730196736665
a8191797-773a-4628-b545-1b0e3ac4bc4c,0.6,0.03587473928928375,0.9995579123497009,1933,1392,1066,326,867,37741,0.6412030076267059,0.47189021714391766,0.7658045978693933,0.5514743923686113
5a5c5a52-9124-4bcb-88ad-bbf9829aac69,0.6,0.03683380037546158,0.9990617632865906,3360,1429,1318,111,2042,36529,0.5504280644079289,0.3797176607952413,0.9223233030634547,0.39226190494277924
e1b48f82-1cd4-4a44-acac-69893c3cd1a2,0.6,0.06262940913438797,0.9983891248703003,872,2446,676,1770,196,37358,0.4074743823365057,0.25586676788195806,0.27636958328848343,0.7752293580559296
9759e3de-9cc3-4f55-b9c4-0d32f59a4463,0.6,0.05112278833985329,0.9997767806053162,1856,1990,1758,232,98,37912,0.9141965678850242,0.8419540230641984,0.8834170854857201,0.9471982758905182
ff4c82b0-5fcd-4225-923e-7df0d56f4f6a,0.6,0.026663539931178093,0.9996182918548584,697,1040,617,423,80,38880,0.7104202649911225,0.5508928575438456,0.5932692311603179,0.8852223818002548
